,adult,backdrop_path,genre_ids,id,title,original_language,original_title,overview,popularity,poster_path,release_date,softcore,video,vote_average,vote_count
0,False,/iCML6fBe3X0y06P33bM7dyYXPKZ.jpg,"[35, 10749]",1632181,Accidental Partners,es,Socias por accidente,Two women discover they were both scammed by the same man (who also got them pregnant). They form an alliance to take revenge.,19.7326,/sr1Yoj6XLPTWYcbDoBy67xivW4I.jpg,2026-03-12,False,False,9.056,301
1,False,/zMwhWailP1WY7sb6AoE6b8ugoy.jpg,"[12, 16, 10751, 14]",1007757,Swapped,en,Swapped,"A small woodland creature and a majestic bird, two natural sworn enemies of the Valley, magically trade places and set off on an adventure of a lifetime to switch back. Their journey soon uncovers a greater threat—one that could endanger not only their species, but the entire valley they call home.",86.1168,/tHhxWxge06goXU6ZQH1hj7vK8Hd.jpg,2026-05-01,False,False,8.916,1919
2,False,/zfbjgQE1uSd9wiPTX4VzsLi0rGG.jpg,"[18, 80]",278,The Shawshank Redemption,en,The Shawshank Redemption,"Imprisoned in the 1940s for the double murder of his wife and her lover, upstanding banker Andy Dufresne begins a new life at the Shawshank prison, where he puts his accounting skills to work for an amoral warden. During his long stretch in prison, Dufresne comes to be admired by the other inmates -- including an older prisoner named Red -- for his integrity and unquenchable sense of hope.",155.0866,/9cqNxx0GxF0bflZmeSMuL5tnGzr.jpg,1994-09-23,False,False,8.725,30745
3,False,/ufSwlnECLoUbBjPrFqEQcWBzHwc.jpg,"[10402, 18]",936075,Michael,en,Michael,"The story of Michael Jackson, one of the most influential artists the world has ever known, and his life beyond the music. His journey from the discovery of his extraordinary talent as the lead of the Jackson Five, to the visionary artist whose creative ambition fueled a relentless pursuit to become the biggest entertainer in the world, highlighting both his life off-stage and some of the most iconic performances from his early solo career.",165.3574,/zm0KAbOjlt9eR5y7vDiL2dEOwMl.jpg,2026-04-22,False,False,8.701,3442
4,False,/tSPT36ZKlP2WVHJLM4cQPLSzv3b.jpg,"[18, 80]",238,The Godfather,en,The Godfather,"Spanning the years 1945 to 1955, a chronicle of the fictional Italian-American Corleone crime family. When organized crime family patriarch, Vito Corleone barely survives an attempt on his life, his youngest son, Michael steps in to take care of the would-be killers, launching a campaign of bloody revenge.",38.8307,/3bhkrj58Vtu7enYsRolD1fZdja1.jpg,1972-03-14,False,False,8.687,23150
5,False,/8Tfys3mDZVp4tNoH2ktm06a0Tau.jpg,"[878, 12]",687163,Project Hail Mary,en,Project Hail Mary,"Science teacher Ryland Grace wakes up on a spaceship light years from home with no recollection of who he is or how he got there. As his memory returns, he begins to uncover his mission: solve the riddle of the mysterious substance causing the sun to die out. He must call on his scientific knowledge and unorthodox ideas to save everything on Earth from extinction.",160.3584,/yihdXomYb5kTeSivtFndMy5iDmf.jpg,2026-03-15,False,False,8.668,5970
6,False,/kGzFbGhp99zva6oZODW5atUtnqi.jpg,"[18, 80]",240,The Godfather Part II,en,The Godfather Part II,"In the continuing saga of the Corleone crime family, a young Vito Corleone grows up in Sicily and in 1910s New York. In the 1950s, Michael Corleone attempts to expand the family business into Las Vegas, Hollywood and Cuba.",27.1755,/hek3koDUyRQk7FIhPXsa6mT2Zc3.jpg,1974-12-20,False,False,8.571,14034
7,False,/zb6fM1CX41D9rF9hdgclu0peUmy.jpg,"[18, 36, 10752]",424,Schindler's List,en,Schindler's List,The true story of how businessman Oskar Schindler saved over a thousand Jewish lives from the Nazis while they worked as slaves in his factory during World War II.,22.3448,/sF1U4EUQS8YHUYjNl3pMGNIQyr0.jpg,1993-12-15,False,False,8.57,17591
8,False,/qqHQsStV6exghCM7zbObuYBiYxw.jpg,[18],389,12 Angry Men,en,12 Angry Men,"The defense and the prosecution have rested and the jury is filing into the jury room to decide if a young Spanish-American is guilty or innocent of murdering his father. What begins as an open and shut case soon becomes a mini-drama of each of the jurors' prejudices and preconceptions about the trial, the accused, and each other.",22.4429,/zhG3vKWyDRaZYoaww1UVAi29T9h.jpg,1957-04-10,False,False,8.565,10108
9,False,/bVGHSe47W6oCQL1Q88pvRAet51A.jpg,"[18, 9648]",1330021,Remarkably Bright Creatures,en,Remarkably Bright Creatures,"Through unlikely bonds formed during night shifts at a local aquarium, Tova, an elderly widow, learns of a life-changing discovery that may bring her joy and wonder once again.",21.8184,/9HcEqn3D4J6b2Z0jK54id9nA0fr.jpg,2026-05-07,False,False,8.543,718
10,False,/vpuPY4UziUCxv7gYYoaZQ3LX7to.jpg,"[28, 53]",1383731,Protector,en,Protector,"Nikki's life is shattered when her daughter is kidnapped. Thrust into the criminal underworld while hunted by cops and military, she must fight to rescue her child.",19.0467,/icOZpnGuH9YrEaW3wrw5GJaXGih.jpg,2026-02-20,False,False,8.539,419
11,False,/dyJvKsNs2KP8qQnAXbRwDjblViy.jpg,"[16, 10751, 14]",129,Spirited Away,ja,千と千尋の神隠し,"A young girl, Chihiro, becomes trapped in a strange new world of spirits. When her parents undergo a mysterious transformation, she must call upon the courage she never knew she had to free her family.",35.0865,/39wmItIWsg5sZMyRUHLkWBcuVCM.jpg,2001-07-20,False,False,8.535,18522
12,False,/dqK9Hag1054tghRQSqLSfrkvQnA.jpg,"[28, 80, 53]",155,The Dark Knight,en,The Dark Knight,"Batman raises the stakes in his war on crime. With the help of Lt. Jim Gordon and District Attorney Harvey Dent, Batman sets out to dismantle the remaining criminal organizations that plague the streets. The partnership proves to be effective, but they soon find themselves prey to a reign of chaos unleashed by a rising criminal mastermind known to the terrified citizens of Gotham as the Joker.",39.4177,/qJ2tW6WMUDux911r6m7haRef0WH.jpg,2008-07-16,False,False,8.532,36076
13,False,/84beTJf26mfhoasUlKSOiNSutyS.jpg,"[35, 18, 10749]",19404,Dilwale Dulhania Le Jayenge,hi,दिलवाले दुल्हनिया ले जायेंगे,"Raj is a rich, carefree, happy-go-lucky second generation NRI. Simran is the daughter of Chaudhary Baldev Singh, who in spite of being an NRI is very strict about adherence to Indian values. Simran has left for India to be married to her childhood fiancé. Raj leaves for India with a mission at his hands, to claim his lady love under the noses of her whole family. Thus begins a saga.",13.0177,/tFbfCkS7q6g96wVoAu8kyr93iPm.jpg,1995-10-20,False,False,8.51,4600
14,False,/b6HWTOxn1xevvyHU2K9ICvaRU6g.jpg,"[14, 18, 80]",497,The Green Mile,en,The Green Mile,"A supernatural tale set on death row in a Southern prison, where gentle giant John Coffey possesses the mysterious power to heal people's ailments. When the cell block's head guard, Paul Edgecomb, recognizes Coffey's miraculous gift, he tries desperately to help stave off the condemned man's execution.",26.0869,/8VG8fDNiy50H4FedGwdSVUPoaJe.jpg,1999-12-10,False,False,8.5,19421
15,False,/xyWKrni8WrYzqn7ztvI5nIY0h62.jpg,"[35, 10749]",1181678,¿Quieres ser mi hijo?,en,¿Quieres ser mi hijo?,"Lu, a conformist woman in her forties, learns that her 15-year partner has been having extramarital affairs. Starting from scratch, she gets involved in an unexpected relationship with a young womanizer.",9.8416,/6PQJsmuvSMZQMmlJfTpjIkrizUh.jpg,2023-09-21,False,False,8.501,356
16,False,/2u7zbn8EudG6kLlBzUYqP8RyFU4.jpg,"[12, 14, 28]",122,The Lord of the Rings: The Return of the King,en,The Lord of the Rings: The Return of the King,"As armies mass for a final battle that will decide the fate of the world--and powerful, ancient forces of Light and Dark compete to determine the outcome--one member of the Fellowship of the Ring is revealed as the noble heir to the throne of the Kings of Men. Yet, the sole hope for triumph over evil lies with a brave hobbit, Frodo, who, accompanied by his loyal friend Sam and the hideous, wretched Gollum, ventures deep into the very dark heart of Mordor on his seemingly impossible quest to destroy the Ring of Power.​",36.8129,/rCzpDGLbOoPwLjy3OAm5NUPOTrC.jpg,2003-12-17,False,False,8.5,26821
17,False,/wCuUKiRaz0wEESsYqmQy005xvTE.jpg,"[35, 53, 18]",496243,Parasite,ko,기생충,"All unemployed, Ki-taek's family takes peculiar interest in the wealthy and glamorous Parks for their livelihood until they get entangled in an unexpected incident.",24.8658,/7IiTTgloJzvGI1TAYymCfbfl3vT.jpg,2019-05-30,False,False,8.492,20853
18,False,/suaEOtk1N1sgg2MTM7oZd2cfVp3.jpg,"[53, 80, 35]",680,Pulp Fiction,en,Pulp Fiction,"A burger-loving hit man, his philosophical partner, a drug-addled gangster's moll and a washed-up boxer converge in this sprawling, comedic crime caper. Their adventures unfurl in three stories that ingeniously trip back and forth in time.",34.5251,/vQWk5YBFWF4bZaofAbv0tShwBvQ.jpg,1994-09-10,False,False,8.481,30407
19,False,/mMtUybQ6hL24FXo0F3Z4j2KG7kZ.jpg,"[16, 10749, 18]",372058,Your Name.,ja,君の名は。,"High schoolers Mitsuha and Taki are complete strangers living separate lives. But one night, they suddenly switch places. Mitsuha wakes up in Taki’s body, and he in hers. This bizarre occurrence continues to happen randomly, and the two must adjust their lives around each other.",24.0072,/q719jXXEzOoYaps6babgKnONONX.jpg,2016-07-01,False,False,8.481,12682
