Sales Person,Country,Product,Date,Amount,Boxes Shipped,Month,Year,Day
Jehu Rudeforth,UK,Mint Chip Choco,2022-01-04,53200,180,January,2022,Tuesday
Van Tuxwell,India,85% Dark Bars,2022-08-01,78960,94,August,2022,Monday
Gigi Bohling,India,Peanut Butter Cubes,2022-07-07,45010,91,July,2022,Thursday
Jan Morforth,Australia,Peanut Butter Cubes,2022-04-27,127260,342,April,2022,Wednesday
Jehu Rudeforth,UK,Peanut Butter Cubes,2022-02-24,136850,184,February,2022,Thursday
Van Tuxwell,India,Smooth Sliky Salty,2022-06-06,53760,38,June,2022,Monday
Oby Sorrel,UK,99% Dark & Pure,2022-01-25,136850,176,January,2022,Tuesday
Gunar Cockshoot,Australia,After Nines,2022-03-24,30800,73,March,2022,Thursday
Jehu Rudeforth,New Zealand,50% Dark Bites,2022-04-20,39900,59,April,2022,Wednesday
Brien Boise,Australia,99% Dark & Pure,2022-07-04,28350,102,July,2022,Monday
Rafaelita Blaksland,UK,Smooth Sliky Salty,2022-01-13,47040,62,January,2022,Thursday
Barr Faughny,USA,Orange Choco,2022-03-10,37030,11,March,2022,Thursday
Mallorie Waber,Canada,Eclairs,2022-01-13,14420,286,January,2022,Thursday
Karlen McCaffrey,New Zealand,Drinking Coco,2022-07-28,1680,156,July,2022,Thursday
Marney O'Breen,New Zealand,Peanut Butter Cubes,2022-08-03,83790,173,August,2022,Wednesday
Beverie Moffet,Australia,Organic Choco Syrup,2022-01-26,67900,356,January,2022,Wednesday
Van Tuxwell,Canada,Organic Choco Syrup,2022-02-14,40670,42,February,2022,Monday
Roddy Speechley,USA,Smooth Sliky Salty,2022-04-05,30170,140,April,2022,Tuesday
Beverie Moffet,Canada,Milk Bars,2022-02-16,87990,250,February,2022,Wednesday
Curtice Advani,UK,85% Dark Bars,2022-06-08,10850,172,June,2022,Wednesday
Brien Boise,Australia,Eclairs,2022-06-27,68880,88,June,2022,Monday
Gunar Cockshoot,USA,Spicy Special Slims,2022-02-17,12670,157,February,2022,Thursday
Marney O'Breen,USA,After Nines,2022-05-30,47530,163,May,2022,Monday
Husein Augar,UK,Drinking Coco,2022-03-14,30030,113,March,2022,Monday
Kaine Padly,Australia,Eclairs,2022-02-28,76720,115,February,2022,Monday
Karlen McCaffrey,India,Fruit & Nut Bars,2022-01-26,1680,321,January,2022,Wednesday
Roddy Speechley,Canada,Spicy Special Slims,2022-02-09,16520,186,February,2022,Wednesday
Husein Augar,USA,Eclairs,2022-07-07,40250,112,July,2022,Thursday
Dennison Crosswaite,New Zealand,White Choc,2022-07-05,94920,151,July,2022,Tuesday
Dennison Crosswaite,New Zealand,Manuka Honey Choco,2022-06-15,50610,301,June,2022,Wednesday
Van Tuxwell,New Zealand,85% Dark Bars,2022-05-24,17220,121,May,2022,Tuesday
Rafaelita Blaksland,UK,99% Dark & Pure,2022-06-29,124460,150,June,2022,Wednesday
Wilone O'Kielt,Australia,Manuka Honey Choco,2022-05-11,42840,94,May,2022,Wednesday
Karlen McCaffrey,UK,Almond Choco,2022-06-30,68390,133,June,2022,Thursday
Andria Kimpton,Canada,After Nines,2022-05-11,21630,70,May,2022,Wednesday
Roddy Speechley,USA,Manuka Honey Choco,2022-07-22,95830,315,July,2022,Friday
Andria Kimpton,UK,50% Dark Bites,2022-08-24,26530,314,August,2022,Wednesday
Kelci Walkden,New Zealand,After Nines,2022-07-07,1470,72,July,2022,Thursday
Camilla Castle,Australia,85% Dark Bars,2022-05-19,36540,14,May,2022,Thursday
Karlen McCaffrey,India,Manuka Honey Choco,2022-07-04,24430,581,July,2022,Monday
Kelci Walkden,USA,After Nines,2022-06-02,9380,16,June,2022,Thursday
Karlen McCaffrey,USA,Raspberry Choco,2022-04-15,147490,354,April,2022,Friday
Mallorie Waber,Canada,Choco Coated Almonds,2022-07-11,47810,241,July,2022,Monday
Andria Kimpton,India,Spicy Special Slims,2022-02-23,63070,142,February,2022,Wednesday
Madelene Upcott,Canada,Almond Choco,2022-08-22,76020,102,August,2022,Monday
Kaine Padly,USA,Peanut Butter Cubes,2022-02-16,67900,188,February,2022,Wednesday
Van Tuxwell,USA,50% Dark Bites,2022-01-13,97370,160,January,2022,Thursday
Curtice Advani,Australia,Milk Bars,2022-02-14,69790,18,February,2022,Monday
Roddy Speechley,India,Eclairs,2022-06-10,43820,303,June,2022,Friday
Curtice Advani,India,Fruit & Nut Bars,2022-07-07,52430,176,July,2022,Thursday
Curtice Advani,Canada,Almond Choco,2022-03-24,48650,70,March,2022,Thursday
Brien Boise,Australia,Fruit & Nut Bars,2022-06-06,85750,23,June,2022,Monday
Dotty Strutley,Australia,Drinking Coco,2022-07-19,910,135,July,2022,Tuesday
Beverie Moffet,USA,Raspberry Choco,2022-04-19,147980,83,April,2022,Tuesday
Marney O'Breen,India,85% Dark Bars,2022-07-19,22050,179,July,2022,Tuesday
Jehu Rudeforth,Canada,Drinking Coco,2022-07-15,4410,24,July,2022,Friday
Ches Bonnell,New Zealand,Spicy Special Slims,2022-02-14,35560,18,February,2022,Monday
Brien Boise,Canada,99% Dark & Pure,2022-05-18,167930,416,May,2022,Wednesday
Barr Faughny,Australia,Fruit & Nut Bars,2022-06-30,154210,55,June,2022,Thursday
Andria Kimpton,Australia,50% Dark Bites,2022-06-02,44380,227,June,2022,Thursday
Andria Kimpton,Australia,Drinking Coco,2022-06-28,16030,48,June,2022,Tuesday
Marney O'Breen,Australia,Organic Choco Syrup,2022-05-16,2730,174,May,2022,Monday
Kelci Walkden,Canada,Baker's Choco Chips,2022-05-26,30730,302,May,2022,Thursday
Karlen McCaffrey,India,Almond Choco,2022-07-06,60900,149,July,2022,Wednesday
Oby Sorrel,India,99% Dark & Pure,2022-05-27,102550,11,May,2022,Friday
Wilone O'Kielt,Australia,Caramel Stuffed Bars,2022-04-14,20300,11,April,2022,Thursday
Van Tuxwell,Australia,Organic Choco Syrup,2022-08-10,194530,14,August,2022,Wednesday
Camilla Castle,India,50% Dark Bites,2022-07-04,92750,411,July,2022,Monday
Oby Sorrel,India,Organic Choco Syrup,2022-07-08,61810,56,July,2022,Friday
Jan Morforth,USA,Peanut Butter Cubes,2022-07-22,90370,102,July,2022,Friday
Gigi Bohling,USA,Choco Coated Almonds,2022-03-02,123130,103,March,2022,Wednesday
Gigi Bohling,UK,Almond Choco,2022-01-10,56420,9,January,2022,Monday
Jehu Rudeforth,New Zealand,White Choc,2022-03-11,28000,241,March,2022,Friday
Andria Kimpton,New Zealand,Peanut Butter Cubes,2022-06-20,9590,265,June,2022,Monday
Van Tuxwell,UK,Organic Choco Syrup,2022-08-26,20020,214,August,2022,Friday
Roddy Speechley,Canada,Milk Bars,2022-07-13,6090,32,July,2022,Wednesday
Camilla Castle,USA,Spicy Special Slims,2022-02-11,12740,244,February,2022,Friday
Marney O'Breen,USA,Orange Choco,2022-01-27,75950,181,January,2022,Thursday
Van Tuxwell,UK,99% Dark & Pure,2022-01-31,47250,137,January,2022,Monday
Camilla Castle,USA,White Choc,2022-08-18,96810,24,August,2022,Thursday
Andria Kimpton,USA,Raspberry Choco,2022-06-30,145040,21,June,2022,Thursday
Dotty Strutley,Australia,Fruit & Nut Bars,2022-08-23,2800,311,August,2022,Tuesday
Brien Boise,New Zealand,Mint Chip Choco,2022-08-01,630,181,August,2022,Monday
Roddy Speechley,New Zealand,After Nines,2022-05-25,80010,10,May,2022,Wednesday
Roddy Speechley,Canada,Organic Choco Syrup,2022-01-10,40320,82,January,2022,Monday
Dennison Crosswaite,Australia,70% Dark Bites,2022-02-07,58590,108,February,2022,Monday
Karlen McCaffrey,USA,Orange Choco,2022-05-12,110950,401,May,2022,Thursday
Madelene Upcott,Australia,Spicy Special Slims,2022-03-07,71820,408,March,2022,Monday
Dennison Crosswaite,Australia,85% Dark Bars,2022-04-05,68810,420,April,2022,Tuesday
Andria Kimpton,Canada,Caramel Stuffed Bars,2022-01-03,71540,348,January,2022,Monday
Dennison Crosswaite,UK,Eclairs,2022-03-24,61880,270,March,2022,Thursday
Madelene Upcott,India,Raspberry Choco,2022-07-07,42210,9,July,2022,Thursday
Van Tuxwell,USA,After Nines,2022-07-26,6300,264,July,2022,Tuesday
Wilone O'Kielt,Australia,Organic Choco Syrup,2022-07-07,17430,111,July,2022,Thursday
Karlen McCaffrey,Canada,50% Dark Bites,2022-07-15,29190,65,July,2022,Friday
Roddy Speechley,New Zealand,Orange Choco,2022-04-01,490,97,April,2022,Friday
Beverie Moffet,Australia,Eclairs,2022-06-20,18270,6,June,2022,Monday
Kelci Walkden,UK,Fruit & Nut Bars,2022-06-29,130060,482,June,2022,Wednesday
Marney O'Breen,USA,50% Dark Bites,2022-06-15,10640,106,June,2022,Wednesday
Husein Augar,USA,After Nines,2022-04-08,115710,180,April,2022,Friday
Dennison Crosswaite,Australia,Raspberry Choco,2022-03-14,57400,31,March,2022,Monday
Andria Kimpton,USA,Fruit & Nut Bars,2022-07-15,14560,359,July,2022,Friday
Kelci Walkden,India,Eclairs,2022-04-19,53340,80,April,2022,Tuesday
Marney O'Breen,USA,99% Dark & Pure,2022-03-28,41510,296,March,2022,Monday
Brien Boise,Canada,Spicy Special Slims,2022-03-04,81060,101,March,2022,Friday
Karlen McCaffrey,New Zealand,70% Dark Bites,2022-08-02,1260,40,August,2022,Tuesday
Husein Augar,UK,Spicy Special Slims,2022-08-25,46970,42,August,2022,Thursday
Marney O'Breen,USA,Almond Choco,2022-02-25,77980,167,February,2022,Friday
Kelci Walkden,India,Orange Choco,2022-06-07,94080,138,June,2022,Tuesday
Jan Morforth,India,Spicy Special Slims,2022-04-12,19390,520,April,2022,Tuesday
Ches Bonnell,India,Spicy Special Slims,2022-07-06,109060,94,July,2022,Wednesday
Kelci Walkden,UK,Smooth Sliky Salty,2022-01-19,59290,175,January,2022,Wednesday
Madelene Upcott,Australia,Fruit & Nut Bars,2022-01-05,55790,92,January,2022,Wednesday
Madelene Upcott,Canada,70% Dark Bites,2022-01-24,109270,141,January,2022,Monday
Wilone O'Kielt,Australia,Drinking Coco,2022-04-06,6230,283,April,2022,Wednesday
Gunar Cockshoot,Australia,Fruit & Nut Bars,2022-06-15,60130,21,June,2022,Wednesday
Gigi Bohling,Canada,Baker's Choco Chips,2022-01-28,15050,47,January,2022,Friday
Kelci Walkden,India,Caramel Stuffed Bars,2022-03-16,4760,125,March,2022,Wednesday
Rafaelita Blaksland,Australia,Drinking Coco,2022-02-21,115500,396,February,2022,Monday
Kelci Walkden,USA,Manuka Honey Choco,2022-02-16,173180,87,February,2022,Wednesday
Jehu Rudeforth,Canada,Spicy Special Slims,2022-01-13,18480,27,January,2022,Thursday
Kelci Walkden,Australia,Eclairs,2022-03-23,72730,547,March,2022,Wednesday
Curtice Advani,Canada,Spicy Special Slims,2022-06-16,8540,118,June,2022,Thursday
Oby Sorrel,India,Raspberry Choco,2022-04-14,68320,46,April,2022,Thursday
Kelci Walkden,UK,Eclairs,2022-01-25,46060,57,January,2022,Tuesday
Jan Morforth,India,Almond Choco,2022-03-11,44660,22,March,2022,Friday
Dotty Strutley,UK,Almond Choco,2022-07-28,161140,96,July,2022,Thursday
Marney O'Breen,New Zealand,After Nines,2022-03-09,15610,44,March,2022,Wednesday
Husein Augar,Australia,Orange Choco,2022-06-28,88970,188,June,2022,Tuesday
Marney O'Breen,Australia,Milk Bars,2022-07-28,24640,387,July,2022,Thursday
Kelci Walkden,Canada,99% Dark & Pure,2022-08-15,48300,50,August,2022,Monday
Kaine Padly,Australia,Manuka Honey Choco,2022-01-12,27650,264,January,2022,Wednesday
Beverie Moffet,New Zealand,White Choc,2022-03-24,71260,7,March,2022,Thursday
Van Tuxwell,UK,Milk Bars,2022-07-25,42630,90,July,2022,Monday
Oby Sorrel,Canada,99% Dark & Pure,2022-08-01,36050,403,August,2022,Monday
Van Tuxwell,India,Organic Choco Syrup,2022-05-16,199290,174,May,2022,Monday
Roddy Speechley,India,Smooth Sliky Salty,2022-08-10,51030,140,August,2022,Wednesday
Jan Morforth,India,Eclairs,2022-01-05,25410,27,January,2022,Wednesday
Ches Bonnell,UK,Smooth Sliky Salty,2022-07-11,56630,110,July,2022,Monday
Wilone O'Kielt,USA,After Nines,2022-04-25,3920,30,April,2022,Monday
Gigi Bohling,New Zealand,Fruit & Nut Bars,2022-04-04,109760,121,April,2022,Monday
Barr Faughny,USA,Raspberry Choco,2022-04-12,92820,101,April,2022,Tuesday
Wilone O'Kielt,New Zealand,85% Dark Bars,2022-08-02,18270,117,August,2022,Tuesday
Gigi Bohling,New Zealand,Manuka Honey Choco,2022-06-28,82670,272,June,2022,Tuesday
Ches Bonnell,Australia,Eclairs,2022-07-05,41160,128,July,2022,Tuesday
Rafaelita Blaksland,New Zealand,Choco Coated Almonds,2022-06-07,20930,45,June,2022,Tuesday
Brien Boise,New Zealand,Smooth Sliky Salty,2022-01-18,10150,27,January,2022,Tuesday
Brien Boise,Australia,Baker's Choco Chips,2022-01-04,125160,212,January,2022,Tuesday
Dennison Crosswaite,Australia,99% Dark & Pure,2022-01-31,27580,18,January,2022,Monday
Kelci Walkden,India,Almond Choco,2022-03-14,32970,149,March,2022,Monday
Camilla Castle,Australia,70% Dark Bites,2022-04-29,60480,477,April,2022,Friday
Oby Sorrel,India,Smooth Sliky Salty,2022-02-07,101010,108,February,2022,Monday
Kaine Padly,UK,Organic Choco Syrup,2022-03-31,22820,178,March,2022,Thursday
Marney O'Breen,India,Caramel Stuffed Bars,2022-03-16,43610,81,March,2022,Wednesday
Karlen McCaffrey,UK,Eclairs,2022-01-25,77980,196,January,2022,Tuesday
Van Tuxwell,India,Baker's Choco Chips,2022-06-20,30520,447,June,2022,Monday
Gigi Bohling,UK,After Nines,2022-03-29,80290,175,March,2022,Tuesday
Curtice Advani,Australia,Orange Choco,2022-07-12,8540,136,July,2022,Tuesday
Jehu Rudeforth,Canada,Smooth Sliky Salty,2022-07-11,54600,138,July,2022,Monday
Karlen McCaffrey,Canada,Smooth Sliky Salty,2022-01-19,30170,184,January,2022,Wednesday
Andria Kimpton,USA,85% Dark Bars,2022-04-05,89110,82,April,2022,Tuesday
Jehu Rudeforth,Canada,Milk Bars,2022-02-21,72030,12,February,2022,Monday
Rafaelita Blaksland,New Zealand,Caramel Stuffed Bars,2022-05-20,130830,14,May,2022,Friday
Mallorie Waber,Australia,Milk Bars,2022-07-29,27790,104,July,2022,Friday
Barr Faughny,USA,Fruit & Nut Bars,2022-01-28,90580,46,January,2022,Friday
Marney O'Breen,UK,Caramel Stuffed Bars,2022-07-19,35490,112,July,2022,Tuesday
Mallorie Waber,New Zealand,Manuka Honey Choco,2022-04-13,94360,11,April,2022,Wednesday
Roddy Speechley,India,Peanut Butter Cubes,2022-02-11,102830,21,February,2022,Friday
Roddy Speechley,New Zealand,Milk Bars,2022-03-02,54460,116,March,2022,Wednesday
Ches Bonnell,Australia,White Choc,2022-03-02,10430,202,March,2022,Wednesday
Van Tuxwell,USA,99% Dark & Pure,2022-07-28,125860,6,July,2022,Thursday
Kelci Walkden,India,After Nines,2022-01-07,16870,520,January,2022,Friday
Brien Boise,UK,White Choc,2022-04-12,52990,167,April,2022,Tuesday
Van Tuxwell,Canada,Almond Choco,2022-06-27,32130,72,June,2022,Monday
Jehu Rudeforth,Australia,50% Dark Bites,2022-01-14,51940,418,January,2022,Friday
Karlen McCaffrey,UK,Baker's Choco Chips,2022-02-07,47530,389,February,2022,Monday
Jehu Rudeforth,Australia,Orange Choco,2022-03-23,137060,26,March,2022,Wednesday
Marney O'Breen,India,Peanut Butter Cubes,2022-01-10,64890,146,January,2022,Monday
Oby Sorrel,UK,Choco Coated Almonds,2022-03-17,93240,41,March,2022,Thursday
Gigi Bohling,USA,Spicy Special Slims,2022-01-21,108290,54,January,2022,Friday
Barr Faughny,Australia,White Choc,2022-07-04,81130,370,July,2022,Monday
Kaine Padly,Canada,Peanut Butter Cubes,2022-07-04,32690,176,July,2022,Monday
Dotty Strutley,USA,Manuka Honey Choco,2022-08-10,2730,210,August,2022,Wednesday
Dennison Crosswaite,Australia,50% Dark Bites,2022-04-01,72870,12,April,2022,Friday
Gigi Bohling,India,Raspberry Choco,2022-02-22,25830,159,February,2022,Tuesday
Camilla Castle,UK,White Choc,2022-01-03,99820,187,January,2022,Monday
Karlen McCaffrey,India,Drinking Coco,2022-05-31,47950,233,May,2022,Tuesday
Dotty Strutley,UK,99% Dark & Pure,2022-01-03,93100,282,January,2022,Monday
Husein Augar,New Zealand,Caramel Stuffed Bars,2022-01-27,4970,475,January,2022,Thursday
Barr Faughny,UK,50% Dark Bites,2022-01-28,5810,65,January,2022,Friday
Curtice Advani,Australia,Organic Choco Syrup,2022-06-28,34720,311,June,2022,Tuesday
Husein Augar,UK,Choco Coated Almonds,2022-03-02,43330,43,March,2022,Wednesday
Wilone O'Kielt,Australia,After Nines,2022-05-27,33250,26,May,2022,Friday
Dennison Crosswaite,USA,Almond Choco,2022-06-30,117180,84,June,2022,Thursday
Barr Faughny,Canada,Peanut Butter Cubes,2022-06-07,21000,78,June,2022,Tuesday
Kaine Padly,USA,70% Dark Bites,2022-05-12,40180,100,May,2022,Thursday
Barr Faughny,New Zealand,Raspberry Choco,2022-07-29,64680,66,July,2022,Friday
Dennison Crosswaite,UK,White Choc,2022-08-03,72380,265,August,2022,Wednesday
Barr Faughny,India,Baker's Choco Chips,2022-08-18,64540,141,August,2022,Thursday
Van Tuxwell,New Zealand,Smooth Sliky Salty,2022-06-14,31150,42,June,2022,Tuesday
Beverie Moffet,UK,White Choc,2022-06-30,64750,76,June,2022,Thursday
Camilla Castle,New Zealand,Mint Chip Choco,2022-06-13,11620,190,June,2022,Monday
Ches Bonnell,UK,Orange Choco,2022-04-27,142380,54,April,2022,Wednesday
Jan Morforth,Australia,White Choc,2022-07-27,34720,32,July,2022,Wednesday
Mallorie Waber,Canada,85% Dark Bars,2022-04-20,14280,424,April,2022,Wednesday
Rafaelita Blaksland,India,Spicy Special Slims,2022-01-04,80640,134,January,2022,Tuesday
Ches Bonnell,Australia,Mint Chip Choco,2022-02-21,96600,92,February,2022,Monday
Karlen McCaffrey,Australia,White Choc,2022-01-05,73570,48,January,2022,Wednesday
Beverie Moffet,India,Drinking Coco,2022-07-15,60550,46,July,2022,Friday
Brien Boise,Australia,Choco Coated Almonds,2022-05-25,51240,62,May,2022,Wednesday
Karlen McCaffrey,Canada,Eclairs,2022-04-20,34790,358,April,2022,Wednesday
Gigi Bohling,USA,99% Dark & Pure,2022-06-02,7840,249,June,2022,Thursday
Marney O'Breen,UK,Smooth Sliky Salty,2022-05-13,189910,88,May,2022,Friday
Beverie Moffet,New Zealand,Baker's Choco Chips,2022-08-03,13720,144,August,2022,Wednesday
Beverie Moffet,Australia,Milk Bars,2022-05-25,7350,390,May,2022,Wednesday
Van Tuxwell,UK,Raspberry Choco,2022-03-16,65380,79,March,2022,Wednesday
Jan Morforth,Australia,Orange Choco,2022-07-04,31990,122,July,2022,Monday
Jehu Rudeforth,India,50% Dark Bites,2022-07-05,34720,135,July,2022,Tuesday
Madelene Upcott,USA,After Nines,2022-03-15,45710,430,March,2022,Tuesday
Barr Faughny,UK,Raspberry Choco,2022-08-22,54810,69,August,2022,Monday
Ches Bonnell,Australia,70% Dark Bites,2022-01-12,31360,125,January,2022,Wednesday
Marney O'Breen,UK,Baker's Choco Chips,2022-06-10,2520,154,June,2022,Friday
Kaine Padly,Australia,Peanut Butter Cubes,2022-03-25,54600,286,March,2022,Friday
Rafaelita Blaksland,India,Almond Choco,2022-07-27,33950,99,July,2022,Wednesday
Husein Augar,UK,Caramel Stuffed Bars,2022-04-15,149380,433,April,2022,Friday
Roddy Speechley,India,Orange Choco,2022-06-27,40530,19,June,2022,Monday
Jehu Rudeforth,UK,70% Dark Bites,2022-04-14,55650,258,April,2022,Thursday
Husein Augar,Australia,Manuka Honey Choco,2022-03-15,71610,92,March,2022,Tuesday
Madelene Upcott,USA,Eclairs,2022-03-18,88830,200,March,2022,Friday
Brien Boise,India,Eclairs,2022-04-29,13510,61,April,2022,Friday
Mallorie Waber,New Zealand,White Choc,2022-02-25,31710,246,February,2022,Friday
Husein Augar,USA,Milk Bars,2022-03-02,8540,56,March,2022,Wednesday
Van Tuxwell,Australia,Milk Bars,2022-06-20,79100,87,June,2022,Monday
Beverie Moffet,Canada,White Choc,2022-07-15,92750,173,July,2022,Friday
Dotty Strutley,Australia,50% Dark Bites,2022-05-12,31080,252,May,2022,Thursday
Mallorie Waber,New Zealand,Organic Choco Syrup,2022-07-01,50750,256,July,2022,Friday
Husein Augar,USA,85% Dark Bars,2022-08-08,3780,54,August,2022,Monday
Madelene Upcott,Australia,50% Dark Bites,2022-07-25,73500,6,July,2022,Monday
Wilone O'Kielt,UK,Drinking Coco,2022-05-18,33880,55,May,2022,Wednesday
Camilla Castle,India,Peanut Butter Cubes,2022-07-15,118370,277,July,2022,Friday
Curtice Advani,India,70% Dark Bites,2022-07-05,22820,44,July,2022,Tuesday
Mallorie Waber,USA,Manuka Honey Choco,2022-07-04,54250,96,July,2022,Monday
Dotty Strutley,UK,70% Dark Bites,2022-06-20,12670,216,June,2022,Monday
Gunar Cockshoot,Australia,Almond Choco,2022-01-25,37520,424,January,2022,Tuesday
Kaine Padly,New Zealand,Spicy Special Slims,2022-07-01,77280,37,July,2022,Friday
Gigi Bohling,USA,50% Dark Bites,2022-04-13,22960,59,April,2022,Wednesday
Beverie Moffet,UK,Smooth Sliky Salty,2022-05-04,44030,76,May,2022,Wednesday
Beverie Moffet,Australia,Baker's Choco Chips,2022-08-04,31920,109,August,2022,Thursday
Beverie Moffet,India,70% Dark Bites,2022-06-01,4480,146,June,2022,Wednesday
Jehu Rudeforth,UK,Choco Coated Almonds,2022-04-22,42700,185,April,2022,Friday
Kaine Padly,USA,50% Dark Bites,2022-08-03,700,27,August,2022,Wednesday
Ches Bonnell,USA,Orange Choco,2022-06-10,17430,69,June,2022,Friday
Gunar Cockshoot,UK,Manuka Honey Choco,2022-06-27,67620,46,June,2022,Monday
Marney O'Breen,Australia,Smooth Sliky Salty,2022-01-03,37450,170,January,2022,Monday
Marney O'Breen,India,After Nines,2022-07-11,26390,179,July,2022,Monday
Ches Bonnell,New Zealand,Milk Bars,2022-08-17,43890,126,August,2022,Wednesday
Rafaelita Blaksland,USA,Fruit & Nut Bars,2022-01-18,26040,65,January,2022,Tuesday
Ches Bonnell,India,Organic Choco Syrup,2022-03-08,165690,99,March,2022,Tuesday
Mallorie Waber,Australia,Orange Choco,2022-03-07,146580,275,March,2022,Monday
Husein Augar,India,70% Dark Bites,2022-05-09,64540,157,May,2022,Monday
Barr Faughny,New Zealand,85% Dark Bars,2022-05-23,21000,157,May,2022,Monday
Madelene Upcott,UK,Caramel Stuffed Bars,2022-04-15,1610,145,April,2022,Friday
Gigi Bohling,Australia,Drinking Coco,2022-07-27,28070,139,July,2022,Wednesday
Marney O'Breen,Canada,Choco Coated Almonds,2022-08-22,26390,406,August,2022,Monday
Ches Bonnell,USA,70% Dark Bites,2022-05-11,45710,122,May,2022,Wednesday
Madelene Upcott,India,Organic Choco Syrup,2022-01-26,47810,38,January,2022,Wednesday
Barr Faughny,USA,50% Dark Bites,2022-04-14,130340,117,April,2022,Thursday
Dennison Crosswaite,New Zealand,Mint Chip Choco,2022-04-05,64540,417,April,2022,Tuesday
Marney O'Breen,New Zealand,Smooth Sliky Salty,2022-06-14,84840,57,June,2022,Tuesday
Brien Boise,Canada,Almond Choco,2022-04-13,47810,125,April,2022,Wednesday
Beverie Moffet,Australia,White Choc,2022-06-27,22400,166,June,2022,Monday
Dotty Strutley,Australia,Eclairs,2022-01-26,69790,3,January,2022,Wednesday
Barr Faughny,UK,White Choc,2022-07-05,16520,72,July,2022,Tuesday
Beverie Moffet,Canada,Baker's Choco Chips,2022-01-11,134470,95,January,2022,Tuesday
Kelci Walkden,USA,White Choc,2022-03-07,94220,22,March,2022,Monday
Kaine Padly,Canada,50% Dark Bites,2022-03-04,86870,100,March,2022,Friday
Karlen McCaffrey,Canada,Organic Choco Syrup,2022-07-15,24150,312,July,2022,Friday
Kaine Padly,UK,Peanut Butter Cubes,2022-05-11,62720,86,May,2022,Wednesday
Karlen McCaffrey,USA,Milk Bars,2022-01-27,43890,7,January,2022,Thursday
Karlen McCaffrey,India,Orange Choco,2022-06-27,31220,149,June,2022,Monday
Ches Bonnell,India,Smooth Sliky Salty,2022-08-03,80430,18,August,2022,Wednesday
Wilone O'Kielt,New Zealand,Mint Chip Choco,2022-08-19,116620,242,August,2022,Friday
Wilone O'Kielt,Australia,Fruit & Nut Bars,2022-06-15,3920,102,June,2022,Wednesday
Dennison Crosswaite,UK,Peanut Butter Cubes,2022-02-07,89250,158,February,2022,Monday
Karlen McCaffrey,Australia,Almond Choco,2022-07-08,72940,128,July,2022,Friday
Dennison Crosswaite,India,Milk Bars,2022-04-21,15260,96,April,2022,Thursday
Ches Bonnell,UK,Mint Chip Choco,2022-04-08,26880,209,April,2022,Friday
Husein Augar,Australia,50% Dark Bites,2022-08-19,148890,52,August,2022,Friday
Jan Morforth,India,Fruit & Nut Bars,2022-05-04,29120,55,May,2022,Wednesday
Mallorie Waber,USA,85% Dark Bars,2022-05-11,26320,108,May,2022,Wednesday
Mallorie Waber,USA,Eclairs,2022-03-22,63280,51,March,2022,Tuesday
Dennison Crosswaite,Canada,Spicy Special Slims,2022-08-10,25270,216,August,2022,Wednesday
Dennison Crosswaite,USA,Fruit & Nut Bars,2022-05-04,14140,318,May,2022,Wednesday
Kelci Walkden,USA,99% Dark & Pure,2022-08-18,77140,238,August,2022,Thursday
Dotty Strutley,Canada,Raspberry Choco,2022-08-03,43470,238,August,2022,Wednesday
Marney O'Breen,New Zealand,Milk Bars,2022-01-14,74900,315,January,2022,Friday
Madelene Upcott,Australia,Choco Coated Almonds,2022-04-08,20580,72,April,2022,Friday
Kelci Walkden,UK,Orange Choco,2022-08-01,36400,3,August,2022,Monday
Dennison Crosswaite,Canada,Eclairs,2022-03-15,4550,45,March,2022,Tuesday
Karlen McCaffrey,India,Mint Chip Choco,2022-07-15,109900,184,July,2022,Friday
Barr Faughny,New Zealand,Almond Choco,2022-01-13,55580,127,January,2022,Thursday
Mallorie Waber,Australia,85% Dark Bars,2022-08-26,25410,53,August,2022,Friday
Ches Bonnell,Canada,Eclairs,2022-01-10,18760,172,January,2022,Monday
Gigi Bohling,Australia,White Choc,2022-05-11,55230,87,May,2022,Wednesday
Beverie Moffet,New Zealand,85% Dark Bars,2022-08-30,112000,22,August,2022,Tuesday
Kaine Padly,USA,Caramel Stuffed Bars,2022-07-21,55930,122,July,2022,Thursday
Mallorie Waber,Australia,Almond Choco,2022-08-01,78820,125,August,2022,Monday
Brien Boise,Canada,85% Dark Bars,2022-02-17,102410,259,February,2022,Thursday
Brien Boise,Australia,Drinking Coco,2022-07-27,68320,156,July,2022,Wednesday
Dotty Strutley,USA,Orange Choco,2022-02-23,13790,107,February,2022,Wednesday
Rafaelita Blaksland,Australia,50% Dark Bites,2022-03-22,30100,40,March,2022,Tuesday
Dennison Crosswaite,India,99% Dark & Pure,2022-06-23,68880,311,June,2022,Thursday
Curtice Advani,UK,White Choc,2022-02-01,15400,73,February,2022,Tuesday
Kelci Walkden,Australia,After Nines,2022-03-02,69160,288,March,2022,Wednesday
Gigi Bohling,UK,Fruit & Nut Bars,2022-04-06,12320,86,April,2022,Wednesday
Gunar Cockshoot,Australia,Raspberry Choco,2022-03-17,6020,72,March,2022,Thursday
Curtice Advani,UK,Fruit & Nut Bars,2022-06-24,109270,136,June,2022,Friday
Barr Faughny,Canada,50% Dark Bites,2022-07-19,101850,303,July,2022,Tuesday
Curtice Advani,USA,Spicy Special Slims,2022-07-11,16030,264,July,2022,Monday
Brien Boise,India,Almond Choco,2022-01-13,21700,218,January,2022,Thursday
Oby Sorrel,New Zealand,Smooth Sliky Salty,2022-07-07,86730,60,July,2022,Thursday
Jan Morforth,India,85% Dark Bars,2022-05-25,47600,418,May,2022,Wednesday
Marney O'Breen,India,Fruit & Nut Bars,2022-04-13,47530,151,April,2022,Wednesday
Andria Kimpton,New Zealand,50% Dark Bites,2022-03-02,33740,202,March,2022,Wednesday
Gunar Cockshoot,Canada,Raspberry Choco,2022-06-23,20580,126,June,2022,Thursday
Kelci Walkden,USA,Drinking Coco,2022-07-26,64540,160,July,2022,Tuesday
Van Tuxwell,Canada,White Choc,2022-03-22,4200,3,March,2022,Tuesday
Rafaelita Blaksland,USA,Baker's Choco Chips,2022-06-09,28630,58,June,2022,Thursday
Van Tuxwell,Australia,Caramel Stuffed Bars,2022-05-17,59360,59,May,2022,Tuesday
Ches Bonnell,New Zealand,Peanut Butter Cubes,2022-03-04,8890,273,March,2022,Friday
Kelci Walkden,Canada,Milk Bars,2022-07-07,160160,28,July,2022,Thursday
Dennison Crosswaite,Canada,Choco Coated Almonds,2022-01-13,104790,118,January,2022,Thursday
Curtice Advani,Australia,Almond Choco,2022-07-13,29120,75,July,2022,Wednesday
Madelene Upcott,Australia,85% Dark Bars,2022-06-16,15750,329,June,2022,Thursday
Gigi Bohling,UK,50% Dark Bites,2022-07-18,81970,69,July,2022,Monday
Ches Bonnell,UK,Manuka Honey Choco,2022-05-30,42210,395,May,2022,Monday
Gigi Bohling,UK,70% Dark Bites,2022-06-21,8400,81,June,2022,Tuesday
Jehu Rudeforth,Australia,Peanut Butter Cubes,2022-06-24,56910,38,June,2022,Friday
Marney O'Breen,India,Eclairs,2022-01-13,34720,96,January,2022,Thursday
Curtice Advani,Canada,Fruit & Nut Bars,2022-04-04,41930,195,April,2022,Monday
Kaine Padly,UK,Smooth Sliky Salty,2022-06-08,90160,554,June,2022,Wednesday
Karlen McCaffrey,Canada,Spicy Special Slims,2022-08-02,63280,47,August,2022,Tuesday
Kelci Walkden,USA,Organic Choco Syrup,2022-07-21,98700,152,July,2022,Thursday
Curtice Advani,India,Spicy Special Slims,2022-06-20,1610,134,June,2022,Monday
Roddy Speechley,India,After Nines,2022-06-22,25760,112,June,2022,Wednesday
Camilla Castle,Australia,Caramel Stuffed Bars,2022-05-02,31780,16,May,2022,Monday
Curtice Advani,Australia,99% Dark & Pure,2022-01-07,46760,84,January,2022,Friday
Mallorie Waber,UK,50% Dark Bites,2022-02-21,55020,99,February,2022,Monday
Ches Bonnell,Canada,Baker's Choco Chips,2022-03-21,74620,371,March,2022,Monday
Van Tuxwell,UK,Drinking Coco,2022-04-04,58030,136,April,2022,Monday
Gunar Cockshoot,Canada,Fruit & Nut Bars,2022-03-24,138880,203,March,2022,Thursday
Gunar Cockshoot,New Zealand,Spicy Special Slims,2022-06-28,68670,183,June,2022,Tuesday
Gunar Cockshoot,Australia,Drinking Coco,2022-01-14,23170,195,January,2022,Friday
Karlen McCaffrey,New Zealand,Fruit & Nut Bars,2022-02-07,12180,135,February,2022,Monday
Dennison Crosswaite,New Zealand,Drinking Coco,2022-01-11,41090,197,January,2022,Tuesday
Jehu Rudeforth,India,99% Dark & Pure,2022-02-25,19530,242,February,2022,Friday
Dotty Strutley,Australia,Mint Chip Choco,2022-08-01,67900,25,August,2022,Monday
Roddy Speechley,Australia,Mint Chip Choco,2022-05-05,67970,252,May,2022,Thursday
Madelene Upcott,New Zealand,Raspberry Choco,2022-05-18,92260,415,May,2022,Wednesday
Dotty Strutley,New Zealand,Choco Coated Almonds,2022-01-04,57330,348,January,2022,Tuesday
Roddy Speechley,New Zealand,50% Dark Bites,2022-05-09,43120,211,May,2022,Monday
Rafaelita Blaksland,India,Smooth Sliky Salty,2022-05-06,16380,81,May,2022,Friday
Husein Augar,UK,White Choc,2022-01-13,108150,145,January,2022,Thursday
Roddy Speechley,Australia,Almond Choco,2022-06-24,44660,74,June,2022,Friday
Van Tuxwell,USA,Caramel Stuffed Bars,2022-02-14,9870,21,February,2022,Monday
Camilla Castle,Australia,99% Dark & Pure,2022-01-18,46690,101,January,2022,Tuesday
Kaine Padly,India,Milk Bars,2022-05-02,29050,91,May,2022,Monday
Ches Bonnell,Australia,Smooth Sliky Salty,2022-05-16,74900,54,May,2022,Monday
Mallorie Waber,USA,Almond Choco,2022-01-28,69860,368,January,2022,Friday
Kaine Padly,Canada,99% Dark & Pure,2022-06-24,12880,409,June,2022,Friday
Oby Sorrel,UK,After Nines,2022-07-18,23450,104,July,2022,Monday
Gunar Cockshoot,UK,Eclairs,2022-04-13,36190,164,April,2022,Wednesday
Dotty Strutley,USA,Caramel Stuffed Bars,2022-04-15,169820,76,April,2022,Friday
Jan Morforth,India,Peanut Butter Cubes,2022-01-04,80920,178,January,2022,Tuesday
Husein Augar,Australia,Eclairs,2022-07-04,69930,31,July,2022,Monday
Beverie Moffet,USA,Smooth Sliky Salty,2022-03-24,23170,352,March,2022,Thursday
Camilla Castle,Australia,Manuka Honey Choco,2022-03-17,6370,169,March,2022,Thursday
Oby Sorrel,Australia,Almond Choco,2022-02-15,60340,223,February,2022,Tuesday
Jan Morforth,USA,Orange Choco,2022-06-29,9800,146,June,2022,Wednesday
Gigi Bohling,USA,Fruit & Nut Bars,2022-05-24,28210,112,May,2022,Tuesday
Mallorie Waber,UK,Milk Bars,2022-01-10,35630,284,January,2022,Monday
Curtice Advani,USA,Raspberry Choco,2022-03-15,29960,139,March,2022,Tuesday
Marney O'Breen,Canada,Milk Bars,2022-02-08,24360,309,February,2022,Tuesday
Brien Boise,India,Caramel Stuffed Bars,2022-02-25,15400,100,February,2022,Friday
Gunar Cockshoot,USA,Eclairs,2022-05-03,69160,42,May,2022,Tuesday
Roddy Speechley,USA,Fruit & Nut Bars,2022-06-14,55090,24,June,2022,Tuesday
Gunar Cockshoot,India,50% Dark Bites,2022-08-09,129920,83,August,2022,Tuesday
Wilone O'Kielt,New Zealand,Manuka Honey Choco,2022-07-11,37240,234,July,2022,Monday
Kaine Padly,UK,Manuka Honey Choco,2022-01-14,71330,118,January,2022,Friday
Van Tuxwell,Canada,Manuka Honey Choco,2022-02-24,86170,46,February,2022,Thursday
Wilone O'Kielt,New Zealand,Almond Choco,2022-03-15,91980,144,March,2022,Tuesday
Oby Sorrel,New Zealand,Baker's Choco Chips,2022-04-25,118230,47,April,2022,Monday
Dennison Crosswaite,Australia,Organic Choco Syrup,2022-05-10,57750,41,May,2022,Tuesday
Marney O'Breen,Australia,Spicy Special Slims,2022-06-23,131250,275,June,2022,Thursday
Beverie Moffet,Canada,Smooth Sliky Salty,2022-02-28,142870,370,February,2022,Monday
Brien Boise,USA,Organic Choco Syrup,2022-05-25,162330,138,May,2022,Wednesday
Roddy Speechley,New Zealand,Baker's Choco Chips,2022-02-22,53130,215,February,2022,Tuesday
Van Tuxwell,UK,85% Dark Bars,2022-07-11,35770,134,July,2022,Monday
Marney O'Breen,Canada,Spicy Special Slims,2022-01-03,35280,336,January,2022,Monday
Rafaelita Blaksland,New Zealand,70% Dark Bites,2022-08-24,6790,280,August,2022,Wednesday
Beverie Moffet,USA,50% Dark Bites,2022-07-28,24500,352,July,2022,Thursday
Brien Boise,USA,Mint Chip Choco,2022-05-25,105770,150,May,2022,Wednesday
Karlen McCaffrey,New Zealand,Eclairs,2022-05-06,25970,177,May,2022,Friday
Barr Faughny,India,Drinking Coco,2022-01-28,22190,142,January,2022,Friday
Marney O'Breen,UK,Orange Choco,2022-06-06,113190,12,June,2022,Monday
Brien Boise,New Zealand,Baker's Choco Chips,2022-07-12,59780,24,July,2022,Tuesday
Ches Bonnell,Canada,Spicy Special Slims,2022-08-05,53270,183,August,2022,Friday
Brien Boise,USA,Orange Choco,2022-01-28,60200,147,January,2022,Friday
Kaine Padly,India,Spicy Special Slims,2022-08-31,56140,137,August,2022,Wednesday
Mallorie Waber,USA,50% Dark Bites,2022-04-19,17360,13,April,2022,Tuesday
Mallorie Waber,UK,Mint Chip Choco,2022-06-29,63840,2,June,2022,Wednesday
Beverie Moffet,India,Choco Coated Almonds,2022-02-24,35770,261,February,2022,Thursday
Madelene Upcott,UK,Smooth Sliky Salty,2022-03-04,145390,84,March,2022,Friday
Gigi Bohling,India,Eclairs,2022-06-21,34930,68,June,2022,Tuesday
Rafaelita Blaksland,Australia,Organic Choco Syrup,2022-01-26,9940,105,January,2022,Wednesday
Oby Sorrel,New Zealand,White Choc,2022-06-10,43610,40,June,2022,Friday
Andria Kimpton,UK,Drinking Coco,2022-05-23,15540,65,May,2022,Monday
Kelci Walkden,India,Milk Bars,2022-04-15,9660,107,April,2022,Friday
Karlen McCaffrey,New Zealand,Caramel Stuffed Bars,2022-01-31,53340,227,January,2022,Monday
Andria Kimpton,New Zealand,Organic Choco Syrup,2022-03-04,49350,39,March,2022,Friday
Barr Faughny,New Zealand,After Nines,2022-04-19,100240,84,April,2022,Tuesday
Beverie Moffet,UK,Almond Choco,2022-05-16,25060,100,May,2022,Monday
Oby Sorrel,Australia,Raspberry Choco,2022-02-17,10430,120,February,2022,Thursday
Dennison Crosswaite,USA,Raspberry Choco,2022-01-18,65240,257,January,2022,Tuesday
Roddy Speechley,Canada,Orange Choco,2022-02-09,81480,85,February,2022,Wednesday
Mallorie Waber,Canada,Orange Choco,2022-03-23,35770,178,March,2022,Wednesday
Madelene Upcott,New Zealand,Caramel Stuffed Bars,2022-02-01,33740,151,February,2022,Tuesday
Mallorie Waber,India,Drinking Coco,2022-03-07,39480,142,March,2022,Monday
Ches Bonnell,UK,White Choc,2022-01-03,32690,226,January,2022,Monday
Ches Bonnell,USA,White Choc,2022-02-11,52710,341,February,2022,Friday
Dennison Crosswaite,New Zealand,Orange Choco,2022-03-16,45710,140,March,2022,Wednesday
Dotty Strutley,India,White Choc,2022-08-15,123270,330,August,2022,Monday
Gigi Bohling,India,Manuka Honey Choco,2022-05-12,49350,73,May,2022,Thursday
Van Tuxwell,India,Spicy Special Slims,2022-04-11,61670,4,April,2022,Monday
Jan Morforth,New Zealand,Mint Chip Choco,2022-06-30,183400,285,June,2022,Thursday
Dotty Strutley,New Zealand,White Choc,2022-06-15,70140,60,June,2022,Wednesday
Rafaelita Blaksland,Canada,Caramel Stuffed Bars,2022-08-01,71190,101,August,2022,Monday
Kaine Padly,USA,Milk Bars,2022-06-15,154910,58,June,2022,Wednesday
Brien Boise,India,After Nines,2022-06-16,57470,45,June,2022,Thursday
Oby Sorrel,New Zealand,Raspberry Choco,2022-05-13,45500,281,May,2022,Friday
Dennison Crosswaite,USA,Drinking Coco,2022-05-10,21910,138,May,2022,Tuesday
Oby Sorrel,India,Eclairs,2022-08-25,56630,322,August,2022,Thursday
Ches Bonnell,New Zealand,Organic Choco Syrup,2022-07-15,76230,85,July,2022,Friday
Gigi Bohling,UK,Baker's Choco Chips,2022-05-16,90230,409,May,2022,Monday
Jan Morforth,Australia,50% Dark Bites,2022-06-14,34020,182,June,2022,Tuesday
Beverie Moffet,Australia,Smooth Sliky Salty,2022-01-25,105070,467,January,2022,Tuesday
Ches Bonnell,USA,Organic Choco Syrup,2022-07-28,77210,14,July,2022,Thursday
Brien Boise,Canada,Mint Chip Choco,2022-01-28,50330,178,January,2022,Friday
Kaine Padly,UK,Orange Choco,2022-06-29,19600,191,June,2022,Wednesday
Karlen McCaffrey,Australia,70% Dark Bites,2022-06-24,2380,317,June,2022,Friday
Gunar Cockshoot,Canada,Mint Chip Choco,2022-07-01,77560,410,July,2022,Friday
Roddy Speechley,USA,Peanut Butter Cubes,2022-02-25,17360,137,February,2022,Friday
Curtice Advani,Canada,Smooth Sliky Salty,2022-08-01,26600,12,August,2022,Monday
Oby Sorrel,Australia,Milk Bars,2022-06-21,76720,254,June,2022,Tuesday
Camilla Castle,New Zealand,Spicy Special Slims,2022-01-25,115640,24,January,2022,Tuesday
Gigi Bohling,UK,Milk Bars,2022-05-17,13650,232,May,2022,Tuesday
Andria Kimpton,Australia,85% Dark Bars,2022-08-23,41860,233,August,2022,Tuesday
Camilla Castle,Australia,Smooth Sliky Salty,2022-03-03,74060,118,March,2022,Thursday
Roddy Speechley,India,Caramel Stuffed Bars,2022-05-30,89110,543,May,2022,Monday
Karlen McCaffrey,USA,Drinking Coco,2022-06-29,1120,223,June,2022,Wednesday
Andria Kimpton,Canada,Organic Choco Syrup,2022-01-04,82040,204,January,2022,Tuesday
Jehu Rudeforth,Australia,Drinking Coco,2022-01-14,26110,65,January,2022,Friday
Karlen McCaffrey,USA,Mint Chip Choco,2022-02-15,156520,53,February,2022,Tuesday
Curtice Advani,New Zealand,Spicy Special Slims,2022-01-10,40740,469,January,2022,Monday
Madelene Upcott,USA,White Choc,2022-05-04,122500,213,May,2022,Wednesday
Andria Kimpton,USA,Spicy Special Slims,2022-05-23,23660,5,May,2022,Monday
Barr Faughny,New Zealand,Fruit & Nut Bars,2022-04-26,16870,147,April,2022,Tuesday
Oby Sorrel,Canada,Organic Choco Syrup,2022-07-05,12320,74,July,2022,Tuesday
Madelene Upcott,UK,Organic Choco Syrup,2022-07-21,69650,163,July,2022,Thursday
Dotty Strutley,USA,Mint Chip Choco,2022-02-21,52920,248,February,2022,Monday
Kelci Walkden,USA,Orange Choco,2022-02-03,13790,138,February,2022,Thursday
Gigi Bohling,Australia,Caramel Stuffed Bars,2022-07-08,80010,151,July,2022,Friday
Mallorie Waber,India,50% Dark Bites,2022-05-31,5880,139,May,2022,Tuesday
Van Tuxwell,New Zealand,Mint Chip Choco,2022-06-27,40460,103,June,2022,Monday
Van Tuxwell,India,50% Dark Bites,2022-05-13,51030,129,May,2022,Friday
Van Tuxwell,USA,Manuka Honey Choco,2022-05-31,23170,102,May,2022,Tuesday
Wilone O'Kielt,USA,Orange Choco,2022-02-28,70420,37,February,2022,Monday
Barr Faughny,New Zealand,Eclairs,2022-03-28,67130,31,March,2022,Monday
Gigi Bohling,USA,After Nines,2022-01-14,18480,227,January,2022,Friday
Barr Faughny,New Zealand,Mint Chip Choco,2022-02-21,64400,145,February,2022,Monday
Dennison Crosswaite,Canada,85% Dark Bars,2022-08-01,108850,90,August,2022,Monday
Beverie Moffet,New Zealand,Smooth Sliky Salty,2022-05-19,23870,59,May,2022,Thursday
Husein Augar,USA,White Choc,2022-07-13,20300,60,July,2022,Wednesday
Andria Kimpton,Australia,Peanut Butter Cubes,2022-04-20,66780,148,April,2022,Wednesday
Dennison Crosswaite,India,85% Dark Bars,2022-06-30,45150,22,June,2022,Thursday
Curtice Advani,UK,50% Dark Bites,2022-03-08,33740,142,March,2022,Tuesday
Gunar Cockshoot,USA,Fruit & Nut Bars,2022-03-09,58520,93,March,2022,Wednesday
Oby Sorrel,Canada,Raspberry Choco,2022-06-16,17500,208,June,2022,Thursday
Gigi Bohling,UK,Drinking Coco,2022-06-30,57820,42,June,2022,Thursday
Kelci Walkden,India,Mint Chip Choco,2022-07-28,28700,120,July,2022,Thursday
Karlen McCaffrey,Canada,Peanut Butter Cubes,2022-08-12,30940,159,August,2022,Friday
Barr Faughny,UK,Mint Chip Choco,2022-07-07,37240,316,July,2022,Thursday
Barr Faughny,USA,85% Dark Bars,2022-08-25,127610,47,August,2022,Thursday
Husein Augar,Canada,Eclairs,2022-01-17,36960,233,January,2022,Monday
Jan Morforth,Australia,70% Dark Bites,2022-03-04,52220,384,March,2022,Friday
Marney O'Breen,New Zealand,Fruit & Nut Bars,2022-08-25,89390,4,August,2022,Thursday
Ches Bonnell,UK,Peanut Butter Cubes,2022-04-15,21560,260,April,2022,Friday
Kaine Padly,USA,Organic Choco Syrup,2022-03-11,23800,22,March,2022,Friday
Camilla Castle,USA,Raspberry Choco,2022-05-20,33390,18,May,2022,Friday
Brien Boise,New Zealand,Manuka Honey Choco,2022-06-14,149800,42,June,2022,Tuesday
Jehu Rudeforth,New Zealand,After Nines,2022-04-14,15120,73,April,2022,Thursday
Jehu Rudeforth,USA,Smooth Sliky Salty,2022-07-07,66570,154,July,2022,Thursday
Madelene Upcott,India,Mint Chip Choco,2022-08-24,38360,71,August,2022,Wednesday
Jehu Rudeforth,India,Eclairs,2022-02-24,87710,127,February,2022,Thursday
Karlen McCaffrey,Canada,Raspberry Choco,2022-05-09,6510,224,May,2022,Monday
Kaine Padly,Australia,70% Dark Bites,2022-02-08,67060,223,February,2022,Tuesday
Roddy Speechley,UK,70% Dark Bites,2022-03-24,14210,284,March,2022,Thursday
Rafaelita Blaksland,USA,Drinking Coco,2022-06-20,85260,73,June,2022,Monday
Mallorie Waber,Canada,Manuka Honey Choco,2022-03-07,14350,112,March,2022,Monday
Kaine Padly,Australia,Fruit & Nut Bars,2022-06-20,74340,85,June,2022,Monday
Oby Sorrel,New Zealand,Organic Choco Syrup,2022-02-17,153160,270,February,2022,Thursday
Madelene Upcott,UK,99% Dark & Pure,2022-01-26,104790,45,January,2022,Wednesday
Madelene Upcott,Australia,Mint Chip Choco,2022-05-02,27510,153,May,2022,Monday
Curtice Advani,Canada,99% Dark & Pure,2022-07-07,125860,7,July,2022,Thursday
Rafaelita Blaksland,Australia,Baker's Choco Chips,2022-08-22,27860,51,August,2022,Monday
Karlen McCaffrey,Australia,After Nines,2022-08-11,23030,67,August,2022,Thursday
Marney O'Breen,UK,99% Dark & Pure,2022-01-13,81130,194,January,2022,Thursday
Gunar Cockshoot,Australia,50% Dark Bites,2022-03-02,122710,116,March,2022,Wednesday
Marney O'Breen,Australia,Choco Coated Almonds,2022-07-27,112980,41,July,2022,Wednesday
Kelci Walkden,New Zealand,Drinking Coco,2022-03-10,158550,111,March,2022,Thursday
Beverie Moffet,USA,85% Dark Bars,2022-08-23,124040,334,August,2022,Tuesday
Roddy Speechley,USA,Eclairs,2022-04-25,39900,155,April,2022,Monday
Dennison Crosswaite,UK,Milk Bars,2022-03-07,108080,407,March,2022,Monday
Wilone O'Kielt,UK,Organic Choco Syrup,2022-07-12,48580,52,July,2022,Tuesday
Madelene Upcott,USA,Orange Choco,2022-05-16,77420,138,May,2022,Monday
Gunar Cockshoot,India,Smooth Sliky Salty,2022-03-02,37520,70,March,2022,Wednesday
Marney O'Breen,New Zealand,85% Dark Bars,2022-05-30,12180,149,May,2022,Monday
Marney O'Breen,UK,Manuka Honey Choco,2022-06-10,109830,179,June,2022,Friday
Brien Boise,USA,99% Dark & Pure,2022-07-25,67690,353,July,2022,Monday
Beverie Moffet,New Zealand,Mint Chip Choco,2022-06-09,43610,97,June,2022,Thursday
Dennison Crosswaite,USA,Milk Bars,2022-05-12,7770,60,May,2022,Thursday
Gunar Cockshoot,USA,Drinking Coco,2022-05-09,38430,5,May,2022,Monday
Brien Boise,Canada,Manuka Honey Choco,2022-08-09,69300,182,August,2022,Tuesday
Van Tuxwell,India,Choco Coated Almonds,2022-04-13,57330,114,April,2022,Wednesday
Andria Kimpton,USA,Caramel Stuffed Bars,2022-05-02,83930,46,May,2022,Monday
Dotty Strutley,USA,99% Dark & Pure,2022-08-09,38220,320,August,2022,Tuesday
Camilla Castle,Australia,Raspberry Choco,2022-08-23,63420,178,August,2022,Tuesday
Gunar Cockshoot,India,Spicy Special Slims,2022-05-13,65100,170,May,2022,Friday
Karlen McCaffrey,USA,Manuka Honey Choco,2022-02-01,101710,67,February,2022,Tuesday
Camilla Castle,USA,50% Dark Bites,2022-06-23,59080,301,June,2022,Thursday
Madelene Upcott,UK,Choco Coated Almonds,2022-05-24,101640,134,May,2022,Tuesday
Jan Morforth,Canada,Mint Chip Choco,2022-04-01,10640,211,April,2022,Friday
Camilla Castle,Canada,70% Dark Bites,2022-07-27,97160,151,July,2022,Wednesday
Ches Bonnell,India,Peanut Butter Cubes,2022-01-27,220500,208,January,2022,Thursday
Jan Morforth,India,Choco Coated Almonds,2022-08-12,25410,134,August,2022,Friday
Gigi Bohling,Canada,Almond Choco,2022-02-01,99890,49,February,2022,Tuesday
Rafaelita Blaksland,India,After Nines,2022-03-02,47390,204,March,2022,Wednesday
Kelci Walkden,Australia,99% Dark & Pure,2022-06-30,31850,34,June,2022,Thursday
Dotty Strutley,Australia,Spicy Special Slims,2022-01-17,82250,91,January,2022,Monday
Brien Boise,USA,Milk Bars,2022-07-07,143010,130,July,2022,Thursday
Mallorie Waber,New Zealand,Mint Chip Choco,2022-01-31,13160,107,January,2022,Monday
Beverie Moffet,UK,99% Dark & Pure,2022-08-10,34860,121,August,2022,Wednesday
Beverie Moffet,USA,Peanut Butter Cubes,2022-08-18,139300,339,August,2022,Thursday
Brien Boise,New Zealand,White Choc,2022-06-15,55090,321,June,2022,Wednesday
Marney O'Breen,USA,Baker's Choco Chips,2022-01-26,84700,9,January,2022,Wednesday
Kelci Walkden,USA,Spicy Special Slims,2022-04-29,770,69,April,2022,Friday
Mallorie Waber,Canada,White Choc,2022-03-03,33810,72,March,2022,Thursday
Kaine Padly,Australia,Almond Choco,2022-02-22,41020,392,February,2022,Tuesday
Oby Sorrel,USA,Smooth Sliky Salty,2022-03-04,35770,158,March,2022,Friday
Dennison Crosswaite,India,Smooth Sliky Salty,2022-07-07,29750,9,July,2022,Thursday
Camilla Castle,New Zealand,Caramel Stuffed Bars,2022-06-17,41370,347,June,2022,Friday
Jan Morforth,Canada,Caramel Stuffed Bars,2022-08-02,95410,114,August,2022,Tuesday
Oby Sorrel,USA,Baker's Choco Chips,2022-08-12,80010,120,August,2022,Friday
Madelene Upcott,New Zealand,Peanut Butter Cubes,2022-01-28,51520,333,January,2022,Friday
Kelci Walkden,Australia,Orange Choco,2022-04-29,111160,432,April,2022,Friday
Marney O'Breen,Australia,Manuka Honey Choco,2022-04-05,130760,236,April,2022,Tuesday
Kaine Padly,Canada,Manuka Honey Choco,2022-01-18,102130,135,January,2022,Tuesday
Jehu Rudeforth,UK,Baker's Choco Chips,2022-05-16,24850,97,May,2022,Monday
Kelci Walkden,Australia,White Choc,2022-08-24,87150,168,August,2022,Wednesday
Curtice Advani,India,85% Dark Bars,2022-01-18,2730,402,January,2022,Tuesday
Kaine Padly,USA,Eclairs,2022-08-22,76230,10,August,2022,Monday
Gunar Cockshoot,UK,99% Dark & Pure,2022-03-07,70,84,March,2022,Monday
Beverie Moffet,UK,Choco Coated Almonds,2022-03-04,30100,69,March,2022,Friday
Dotty Strutley,Canada,Manuka Honey Choco,2022-04-22,115500,111,April,2022,Friday
Kaine Padly,Australia,Milk Bars,2022-06-09,40460,89,June,2022,Thursday
Jan Morforth,Canada,Fruit & Nut Bars,2022-07-25,89040,199,July,2022,Monday
Jan Morforth,India,Smooth Sliky Salty,2022-08-03,112980,89,August,2022,Wednesday
Rafaelita Blaksland,Australia,Manuka Honey Choco,2022-08-03,43960,131,August,2022,Wednesday
Jehu Rudeforth,UK,Milk Bars,2022-05-03,120680,227,May,2022,Tuesday
Husein Augar,Canada,After Nines,2022-01-19,97720,301,January,2022,Wednesday
Roddy Speechley,USA,50% Dark Bites,2022-02-11,104580,316,February,2022,Friday
Van Tuxwell,India,Almond Choco,2022-06-14,64260,390,June,2022,Tuesday
Kelci Walkden,USA,50% Dark Bites,2022-03-23,61880,223,March,2022,Wednesday
Madelene Upcott,Canada,85% Dark Bars,2022-02-17,75040,101,February,2022,Thursday
Dennison Crosswaite,Canada,Smooth Sliky Salty,2022-03-17,17500,479,March,2022,Thursday
Mallorie Waber,Australia,Spicy Special Slims,2022-06-29,54390,287,June,2022,Wednesday
Ches Bonnell,Canada,Choco Coated Almonds,2022-08-24,155470,269,August,2022,Wednesday
Gigi Bohling,Canada,Spicy Special Slims,2022-07-04,119560,277,July,2022,Monday
Roddy Speechley,New Zealand,Almond Choco,2022-03-28,27230,67,March,2022,Monday
Curtice Advani,India,Smooth Sliky Salty,2022-04-19,193270,135,April,2022,Tuesday
Ches Bonnell,New Zealand,Mint Chip Choco,2022-01-18,90580,229,January,2022,Tuesday
Van Tuxwell,New Zealand,Fruit & Nut Bars,2022-01-17,29960,88,January,2022,Monday
Andria Kimpton,New Zealand,Mint Chip Choco,2022-02-15,88480,211,February,2022,Tuesday
Andria Kimpton,UK,Milk Bars,2022-02-11,143360,293,February,2022,Friday
Camilla Castle,USA,Manuka Honey Choco,2022-03-21,164010,179,March,2022,Monday
Gunar Cockshoot,New Zealand,Almond Choco,2022-01-05,51730,129,January,2022,Wednesday
Brien Boise,India,Raspberry Choco,2022-05-30,63280,164,May,2022,Monday
Jehu Rudeforth,USA,99% Dark & Pure,2022-01-04,25340,219,January,2022,Tuesday
Beverie Moffet,Australia,Fruit & Nut Bars,2022-04-22,14350,258,April,2022,Friday
Gigi Bohling,Canada,Milk Bars,2022-02-10,30520,116,February,2022,Thursday
Dotty Strutley,India,Spicy Special Slims,2022-08-12,9100,204,August,2022,Friday
Gunar Cockshoot,USA,Organic Choco Syrup,2022-08-10,23310,321,August,2022,Wednesday
Kelci Walkden,Australia,Raspberry Choco,2022-06-07,6790,56,June,2022,Tuesday
Jehu Rudeforth,India,Baker's Choco Chips,2022-06-06,20860,74,June,2022,Monday
Karlen McCaffrey,New Zealand,Baker's Choco Chips,2022-04-05,50120,189,April,2022,Tuesday
Wilone O'Kielt,USA,50% Dark Bites,2022-04-18,45010,131,April,2022,Monday
Andria Kimpton,India,50% Dark Bites,2022-01-31,134820,15,January,2022,Monday
Madelene Upcott,USA,Baker's Choco Chips,2022-08-22,56210,140,August,2022,Monday
Jehu Rudeforth,Australia,99% Dark & Pure,2022-02-25,104860,198,February,2022,Friday
Jan Morforth,Australia,Mint Chip Choco,2022-02-22,176260,103,February,2022,Tuesday
Oby Sorrel,New Zealand,Milk Bars,2022-01-12,44940,187,January,2022,Wednesday
Brien Boise,UK,Almond Choco,2022-05-25,1050,125,May,2022,Wednesday
Kelci Walkden,India,Smooth Sliky Salty,2022-02-01,24640,8,February,2022,Tuesday
Rafaelita Blaksland,UK,Eclairs,2022-04-27,13790,70,April,2022,Wednesday
Gigi Bohling,USA,Smooth Sliky Salty,2022-07-22,25830,126,July,2022,Friday
Curtice Advani,New Zealand,Mint Chip Choco,2022-01-26,32200,265,January,2022,Wednesday
Curtice Advani,USA,Mint Chip Choco,2022-08-24,48020,296,August,2022,Wednesday
Madelene Upcott,New Zealand,Fruit & Nut Bars,2022-01-18,56770,21,January,2022,Tuesday
Karlen McCaffrey,India,85% Dark Bars,2022-03-30,9450,83,March,2022,Wednesday
Ches Bonnell,Australia,Caramel Stuffed Bars,2022-01-17,87570,162,January,2022,Monday
Kelci Walkden,USA,Fruit & Nut Bars,2022-02-17,48160,145,February,2022,Thursday
Kelci Walkden,Canada,Peanut Butter Cubes,2022-04-08,75320,44,April,2022,Friday
Gigi Bohling,Canada,Drinking Coco,2022-07-06,35490,82,July,2022,Wednesday
Husein Augar,India,Fruit & Nut Bars,2022-04-04,43400,226,April,2022,Monday
Jan Morforth,New Zealand,Organic Choco Syrup,2022-03-02,17990,207,March,2022,Wednesday
Gigi Bohling,New Zealand,Raspberry Choco,2022-08-09,11270,176,August,2022,Tuesday
Dennison Crosswaite,Australia,Milk Bars,2022-06-09,100380,286,June,2022,Thursday
Ches Bonnell,UK,Caramel Stuffed Bars,2022-06-02,29260,300,June,2022,Thursday
Van Tuxwell,USA,Fruit & Nut Bars,2022-07-05,62790,235,July,2022,Tuesday
Andria Kimpton,Canada,Eclairs,2022-08-11,3080,125,August,2022,Thursday
Madelene Upcott,India,Choco Coated Almonds,2022-02-11,35000,145,February,2022,Friday
Kelci Walkden,New Zealand,Spicy Special Slims,2022-08-11,6580,65,August,2022,Thursday
Roddy Speechley,Australia,Drinking Coco,2022-05-12,125650,102,May,2022,Thursday
Wilone O'Kielt,USA,Milk Bars,2022-07-15,50120,93,July,2022,Friday
Andria Kimpton,India,Organic Choco Syrup,2022-01-18,39550,134,January,2022,Tuesday
Madelene Upcott,UK,Fruit & Nut Bars,2022-01-05,85120,189,January,2022,Wednesday
Curtice Advani,Australia,50% Dark Bites,2022-06-29,5040,232,June,2022,Wednesday
Brien Boise,Canada,Raspberry Choco,2022-06-14,28000,45,June,2022,Tuesday
Gunar Cockshoot,India,Mint Chip Choco,2022-08-08,42560,67,August,2022,Monday
Dennison Crosswaite,India,Mint Chip Choco,2022-03-23,135730,138,March,2022,Wednesday
Barr Faughny,India,Caramel Stuffed Bars,2022-01-04,65660,99,January,2022,Tuesday
Brien Boise,India,Milk Bars,2022-02-22,135030,251,February,2022,Tuesday
Beverie Moffet,UK,Spicy Special Slims,2022-02-17,86800,252,February,2022,Thursday
Barr Faughny,USA,Almond Choco,2022-02-03,3850,78,February,2022,Thursday
Van Tuxwell,Canada,Raspberry Choco,2022-03-17,12670,130,March,2022,Thursday
Wilone O'Kielt,Australia,Baker's Choco Chips,2022-01-25,29610,154,January,2022,Tuesday
Brien Boise,Australia,Milk Bars,2022-07-27,19810,52,July,2022,Wednesday
Husein Augar,Australia,Fruit & Nut Bars,2022-01-28,79590,53,January,2022,Friday
Madelene Upcott,Australia,Organic Choco Syrup,2022-07-05,107940,50,July,2022,Tuesday
Van Tuxwell,India,White Choc,2022-03-15,18970,44,March,2022,Tuesday
Gunar Cockshoot,Canada,After Nines,2022-08-04,27440,200,August,2022,Thursday
Jan Morforth,USA,Fruit & Nut Bars,2022-06-27,43820,361,June,2022,Monday
Jan Morforth,Canada,After Nines,2022-07-13,45150,172,July,2022,Wednesday
Barr Faughny,New Zealand,Manuka Honey Choco,2022-02-24,54740,239,February,2022,Thursday
Karlen McCaffrey,New Zealand,85% Dark Bars,2022-06-28,60690,55,June,2022,Tuesday
Oby Sorrel,Australia,85% Dark Bars,2022-06-30,69440,27,June,2022,Thursday
Curtice Advani,Canada,Choco Coated Almonds,2022-08-18,58590,7,August,2022,Thursday
Kaine Padly,India,70% Dark Bites,2022-01-24,121730,301,January,2022,Monday
Beverie Moffet,USA,White Choc,2022-03-11,52920,134,March,2022,Friday
Ches Bonnell,New Zealand,After Nines,2022-06-23,57050,350,June,2022,Thursday
Husein Augar,India,Spicy Special Slims,2022-08-22,24920,33,August,2022,Monday
Gunar Cockshoot,Canada,50% Dark Bites,2022-01-04,30240,23,January,2022,Tuesday
Curtice Advani,India,Milk Bars,2022-04-05,34370,201,April,2022,Tuesday
Beverie Moffet,India,Milk Bars,2022-04-15,18690,323,April,2022,Friday
Husein Augar,Australia,White Choc,2022-05-11,31710,220,May,2022,Wednesday
Andria Kimpton,Canada,Manuka Honey Choco,2022-07-21,48580,488,July,2022,Thursday
Jan Morforth,New Zealand,Orange Choco,2022-02-11,12250,84,February,2022,Friday
Andria Kimpton,Canada,Smooth Sliky Salty,2022-07-08,11550,79,July,2022,Friday
Gunar Cockshoot,UK,Raspberry Choco,2022-08-11,68110,344,August,2022,Thursday
Husein Augar,New Zealand,After Nines,2022-08-04,64330,7,August,2022,Thursday
Andria Kimpton,New Zealand,Orange Choco,2022-06-14,81690,88,June,2022,Tuesday
Dennison Crosswaite,UK,Baker's Choco Chips,2022-01-17,22750,275,January,2022,Monday
Jehu Rudeforth,Canada,Orange Choco,2022-06-23,38570,512,June,2022,Thursday
Jehu Rudeforth,UK,Smooth Sliky Salty,2022-08-24,14630,113,August,2022,Wednesday
Andria Kimpton,UK,Caramel Stuffed Bars,2022-06-07,79240,275,June,2022,Tuesday
Jan Morforth,UK,White Choc,2022-06-22,87990,47,June,2022,Wednesday
Dotty Strutley,USA,Fruit & Nut Bars,2022-07-13,28980,276,July,2022,Wednesday
Kelci Walkden,UK,Choco Coated Almonds,2022-05-24,95060,212,May,2022,Tuesday
Gunar Cockshoot,New Zealand,After Nines,2022-08-09,71750,145,August,2022,Tuesday
Kaine Padly,Canada,85% Dark Bars,2022-04-06,17290,31,April,2022,Wednesday
Jan Morforth,New Zealand,Manuka Honey Choco,2022-07-28,15890,271,July,2022,Thursday
Gunar Cockshoot,New Zealand,Raspberry Choco,2022-08-24,6300,52,August,2022,Wednesday
Van Tuxwell,Australia,99% Dark & Pure,2022-01-17,1120,128,January,2022,Monday
Curtice Advani,USA,Drinking Coco,2022-02-07,51870,142,February,2022,Monday
Brien Boise,Australia,Spicy Special Slims,2022-05-09,62230,256,May,2022,Monday
Mallorie Waber,New Zealand,85% Dark Bars,2022-06-06,77140,106,June,2022,Monday
Wilone O'Kielt,USA,Choco Coated Almonds,2022-06-06,94570,6,June,2022,Monday
Beverie Moffet,New Zealand,Organic Choco Syrup,2022-05-24,66780,226,May,2022,Tuesday
Gunar Cockshoot,UK,50% Dark Bites,2022-01-13,21070,121,January,2022,Thursday
Marney O'Breen,USA,Raspberry Choco,2022-05-23,60690,151,May,2022,Monday
Jehu Rudeforth,UK,White Choc,2022-06-29,18620,284,June,2022,Wednesday
Jehu Rudeforth,New Zealand,85% Dark Bars,2022-03-11,69720,89,March,2022,Friday
Dotty Strutley,USA,85% Dark Bars,2022-04-25,102200,508,April,2022,Monday
Rafaelita Blaksland,Australia,Smooth Sliky Salty,2022-05-30,39690,243,May,2022,Monday
Curtice Advani,India,Manuka Honey Choco,2022-05-23,15470,170,May,2022,Monday
Mallorie Waber,USA,Peanut Butter Cubes,2022-05-23,11620,18,May,2022,Monday
Van Tuxwell,Canada,Peanut Butter Cubes,2022-06-24,63420,282,June,2022,Friday
Kelci Walkden,New Zealand,Smooth Sliky Salty,2022-03-11,106330,277,March,2022,Friday
Rafaelita Blaksland,USA,Smooth Sliky Salty,2022-07-27,150570,212,July,2022,Wednesday
Rafaelita Blaksland,USA,White Choc,2022-08-16,47040,126,August,2022,Tuesday
Roddy Speechley,Canada,Smooth Sliky Salty,2022-03-07,93380,11,March,2022,Monday
Curtice Advani,New Zealand,After Nines,2022-04-05,79590,30,April,2022,Tuesday
Camilla Castle,India,85% Dark Bars,2022-05-04,90230,51,May,2022,Wednesday
Ches Bonnell,USA,Choco Coated Almonds,2022-01-04,145250,92,January,2022,Tuesday
Marney O'Breen,Australia,Baker's Choco Chips,2022-01-13,58100,101,January,2022,Thursday
Wilone O'Kielt,New Zealand,Fruit & Nut Bars,2022-07-11,64260,98,July,2022,Monday
Kaine Padly,Australia,Mint Chip Choco,2022-05-17,44030,159,May,2022,Tuesday
Camilla Castle,New Zealand,Peanut Butter Cubes,2022-07-21,15820,62,July,2022,Thursday
Curtice Advani,Canada,Organic Choco Syrup,2022-02-22,7910,22,February,2022,Tuesday
Jan Morforth,India,99% Dark & Pure,2022-05-23,91000,187,May,2022,Monday
Rafaelita Blaksland,Canada,Drinking Coco,2022-07-12,98840,200,July,2022,Tuesday
Jan Morforth,UK,Orange Choco,2022-06-15,37800,201,June,2022,Wednesday
Barr Faughny,New Zealand,50% Dark Bites,2022-06-23,45570,308,June,2022,Thursday
Curtice Advani,Australia,Eclairs,2022-03-25,57960,55,March,2022,Friday
Jan Morforth,India,Caramel Stuffed Bars,2022-07-04,840,153,July,2022,Monday
Andria Kimpton,UK,White Choc,2022-05-12,90370,101,May,2022,Thursday
Camilla Castle,New Zealand,Raspberry Choco,2022-04-04,47460,137,April,2022,Monday
Madelene Upcott,Australia,Orange Choco,2022-04-15,67130,398,April,2022,Friday
Roddy Speechley,Canada,Eclairs,2022-03-08,62370,88,March,2022,Tuesday
Karlen McCaffrey,India,White Choc,2022-01-17,74830,232,January,2022,Monday
Wilone O'Kielt,India,Mint Chip Choco,2022-08-22,13090,51,August,2022,Monday
Andria Kimpton,UK,99% Dark & Pure,2022-07-25,11550,66,July,2022,Monday
Marney O'Breen,UK,50% Dark Bites,2022-06-14,29890,124,June,2022,Tuesday
Ches Bonnell,India,Choco Coated Almonds,2022-04-05,96250,78,April,2022,Tuesday
Madelene Upcott,UK,Raspberry Choco,2022-08-26,73570,341,August,2022,Friday
Wilone O'Kielt,Australia,50% Dark Bites,2022-08-03,100310,114,August,2022,Wednesday
Gigi Bohling,Canada,White Choc,2022-07-11,65870,4,July,2022,Monday
Wilone O'Kielt,New Zealand,Eclairs,2022-03-11,33110,22,March,2022,Friday
Brien Boise,UK,Peanut Butter Cubes,2022-01-10,153300,30,January,2022,Monday
Roddy Speechley,UK,Baker's Choco Chips,2022-04-04,140280,351,April,2022,Monday
Karlen McCaffrey,Australia,50% Dark Bites,2022-01-17,66780,708,January,2022,Monday
Marney O'Breen,New Zealand,Organic Choco Syrup,2022-07-08,86240,50,July,2022,Friday
Jan Morforth,UK,Organic Choco Syrup,2022-04-12,11970,356,April,2022,Tuesday
Rafaelita Blaksland,Canada,Fruit & Nut Bars,2022-08-24,4830,185,August,2022,Wednesday
Ches Bonnell,UK,Choco Coated Almonds,2022-06-07,16870,236,June,2022,Tuesday
Gunar Cockshoot,Canada,Almond Choco,2022-07-28,13090,30,July,2022,Thursday
Husein Augar,USA,99% Dark & Pure,2022-02-21,95340,111,February,2022,Monday
Dennison Crosswaite,Canada,Mint Chip Choco,2022-04-08,16940,289,April,2022,Friday
Brien Boise,UK,Manuka Honey Choco,2022-06-28,700,103,June,2022,Tuesday
Van Tuxwell,UK,Baker's Choco Chips,2022-03-24,24430,20,March,2022,Thursday
Barr Faughny,Australia,Caramel Stuffed Bars,2022-07-29,29330,55,July,2022,Friday
Dennison Crosswaite,USA,Eclairs,2022-05-25,20440,90,May,2022,Wednesday
Gigi Bohling,Australia,Raspberry Choco,2022-03-30,65240,303,March,2022,Wednesday
Dennison Crosswaite,USA,Organic Choco Syrup,2022-07-18,126560,126,July,2022,Monday
Beverie Moffet,Canada,Orange Choco,2022-05-10,87220,109,May,2022,Tuesday
Mallorie Waber,Australia,Choco Coated Almonds,2022-03-18,157500,92,March,2022,Friday
Ches Bonnell,India,Caramel Stuffed Bars,2022-06-15,68390,56,June,2022,Wednesday
Van Tuxwell,Canada,50% Dark Bites,2022-05-12,136850,58,May,2022,Thursday
Kelci Walkden,New Zealand,Baker's Choco Chips,2022-06-23,29120,110,June,2022,Thursday
Beverie Moffet,India,Spicy Special Slims,2022-04-21,33390,171,April,2022,Thursday
Gigi Bohling,Australia,Almond Choco,2022-08-17,9100,117,August,2022,Wednesday
Rafaelita Blaksland,New Zealand,Eclairs,2022-02-07,194810,51,February,2022,Monday
Kelci Walkden,Canada,Smooth Sliky Salty,2022-03-17,80990,118,March,2022,Thursday
Jan Morforth,India,Baker's Choco Chips,2022-08-01,137270,79,August,2022,Monday
Jehu Rudeforth,Australia,Milk Bars,2022-03-18,86590,29,March,2022,Friday
Gigi Bohling,Canada,Fruit & Nut Bars,2022-06-14,57820,103,June,2022,Tuesday
Beverie Moffet,UK,Eclairs,2022-04-22,84630,155,April,2022,Friday
Marney O'Breen,New Zealand,Eclairs,2022-01-18,49140,31,January,2022,Tuesday
Husein Augar,Australia,99% Dark & Pure,2022-08-26,30870,128,August,2022,Friday
Gunar Cockshoot,New Zealand,Fruit & Nut Bars,2022-06-10,92050,419,June,2022,Friday
Curtice Advani,Canada,70% Dark Bites,2022-01-31,23030,7,January,2022,Monday
Kelci Walkden,New Zealand,Manuka Honey Choco,2022-04-08,13580,106,April,2022,Friday
Dotty Strutley,Australia,Baker's Choco Chips,2022-06-07,36050,68,June,2022,Tuesday
Barr Faughny,Australia,85% Dark Bars,2022-02-10,84980,44,February,2022,Thursday
Beverie Moffet,Australia,50% Dark Bites,2022-05-16,7000,457,May,2022,Monday
Gunar Cockshoot,India,Baker's Choco Chips,2022-03-18,21910,524,March,2022,Friday
Van Tuxwell,Australia,50% Dark Bites,2022-07-13,6440,137,July,2022,Wednesday
Oby Sorrel,USA,Manuka Honey Choco,2022-07-25,43400,86,July,2022,Monday
Van Tuxwell,Canada,Choco Coated Almonds,2022-08-19,22820,296,August,2022,Friday
Karlen McCaffrey,Canada,70% Dark Bites,2022-06-24,77140,597,June,2022,Friday
Kelci Walkden,Canada,Fruit & Nut Bars,2022-06-20,8260,149,June,2022,Monday
Camilla Castle,India,99% Dark & Pure,2022-08-02,2030,207,August,2022,Tuesday
Madelene Upcott,New Zealand,70% Dark Bites,2022-02-22,133560,93,February,2022,Tuesday
Mallorie Waber,New Zealand,Orange Choco,2022-02-01,65100,23,February,2022,Tuesday
Jan Morforth,Canada,70% Dark Bites,2022-02-14,58940,305,February,2022,Monday
Kelci Walkden,Australia,Milk Bars,2022-02-24,79100,125,February,2022,Thursday
Dennison Crosswaite,India,Orange Choco,2022-03-18,7840,129,March,2022,Friday
Husein Augar,UK,Eclairs,2022-08-30,17500,252,August,2022,Tuesday
Gigi Bohling,USA,Peanut Butter Cubes,2022-05-09,2800,75,May,2022,Monday
Wilone O'Kielt,USA,Smooth Sliky Salty,2022-01-18,5040,87,January,2022,Tuesday
Curtice Advani,India,White Choc,2022-07-04,71540,342,July,2022,Monday
Oby Sorrel,New Zealand,Spicy Special Slims,2022-06-03,16170,13,June,2022,Friday
Beverie Moffet,New Zealand,Peanut Butter Cubes,2022-02-23,108220,30,February,2022,Wednesday
Dotty Strutley,New Zealand,99% Dark & Pure,2022-05-09,107240,203,May,2022,Monday
Kelci Walkden,India,70% Dark Bites,2022-06-06,36400,106,June,2022,Monday
Kelci Walkden,India,Drinking Coco,2022-07-04,75320,234,July,2022,Monday
Brien Boise,New Zealand,Drinking Coco,2022-06-06,15820,100,June,2022,Monday
Dotty Strutley,Australia,Almond Choco,2022-05-13,14560,91,May,2022,Friday
Wilone O'Kielt,New Zealand,Organic Choco Syrup,2022-01-31,20160,277,January,2022,Monday
Ches Bonnell,New Zealand,Caramel Stuffed Bars,2022-06-30,75880,42,June,2022,Thursday
Barr Faughny,Canada,Manuka Honey Choco,2022-08-25,34020,249,August,2022,Thursday
Gigi Bohling,New Zealand,Smooth Sliky Salty,2022-01-10,7000,97,January,2022,Monday
Brien Boise,USA,Manuka Honey Choco,2022-08-22,19040,8,August,2022,Monday
Roddy Speechley,New Zealand,85% Dark Bars,2022-04-14,48440,275,April,2022,Thursday
Oby Sorrel,UK,Smooth Sliky Salty,2022-05-31,96250,313,May,2022,Tuesday
Oby Sorrel,UK,Raspberry Choco,2022-04-08,45990,323,April,2022,Friday
Roddy Speechley,USA,Drinking Coco,2022-02-21,30030,155,February,2022,Monday
Andria Kimpton,Australia,Manuka Honey Choco,2022-03-30,97440,377,March,2022,Wednesday
Mallorie Waber,India,Raspberry Choco,2022-03-02,14000,2,March,2022,Wednesday
Jehu Rudeforth,USA,Orange Choco,2022-07-28,3640,170,July,2022,Thursday
Kaine Padly,New Zealand,70% Dark Bites,2022-03-24,72310,38,March,2022,Thursday
Curtice Advani,Australia,After Nines,2022-08-11,630,105,August,2022,Thursday
Husein Augar,UK,Almond Choco,2022-05-17,83090,166,May,2022,Tuesday
Kaine Padly,Canada,Choco Coated Almonds,2022-05-18,31640,164,May,2022,Wednesday
Roddy Speechley,UK,Peanut Butter Cubes,2022-08-17,56910,171,August,2022,Wednesday
Ches Bonnell,New Zealand,Eclairs,2022-04-04,4900,49,April,2022,Monday
Brien Boise,India,85% Dark Bars,2022-08-09,180320,205,August,2022,Tuesday
Brien Boise,New Zealand,Organic Choco Syrup,2022-01-17,6370,313,January,2022,Monday
Andria Kimpton,Canada,White Choc,2022-02-14,40670,29,February,2022,Monday
Gigi Bohling,New Zealand,Orange Choco,2022-05-16,82040,307,May,2022,Monday
Ches Bonnell,Canada,Smooth Sliky Salty,2022-03-16,98700,121,March,2022,Wednesday
Husein Augar,Canada,70% Dark Bites,2022-01-31,51310,285,January,2022,Monday
Barr Faughny,Canada,Organic Choco Syrup,2022-03-10,11410,205,March,2022,Thursday
Oby Sorrel,UK,Organic Choco Syrup,2022-06-30,79800,157,June,2022,Thursday
Van Tuxwell,New Zealand,Eclairs,2022-03-01,52290,182,March,2022,Tuesday
Mallorie Waber,UK,Drinking Coco,2022-05-27,34230,100,May,2022,Friday
Oby Sorrel,UK,Milk Bars,2022-07-11,64680,223,July,2022,Monday
Karlen McCaffrey,New Zealand,Mint Chip Choco,2022-03-02,43260,61,March,2022,Wednesday
Jehu Rudeforth,USA,Raspberry Choco,2022-03-04,71540,133,March,2022,Friday
Kelci Walkden,UK,85% Dark Bars,2022-06-23,39970,228,June,2022,Thursday
Kelci Walkden,USA,Almond Choco,2022-01-27,51800,233,January,2022,Thursday
Marney O'Breen,Canada,Orange Choco,2022-01-14,27230,425,January,2022,Friday
Dennison Crosswaite,India,Fruit & Nut Bars,2022-07-29,9520,24,July,2022,Friday
Brien Boise,Canada,Smooth Sliky Salty,2022-05-13,56910,495,May,2022,Friday
Barr Faughny,Canada,Baker's Choco Chips,2022-02-03,109690,170,February,2022,Thursday
Brien Boise,India,Smooth Sliky Salty,2022-05-27,59640,26,May,2022,Friday
Jan Morforth,Australia,Drinking Coco,2022-02-18,28210,24,February,2022,Friday
Brien Boise,India,Spicy Special Slims,2022-01-28,13020,33,January,2022,Friday
Van Tuxwell,UK,Eclairs,2022-06-29,54740,109,June,2022,Wednesday
Wilone O'Kielt,India,Caramel Stuffed Bars,2022-01-13,41790,276,January,2022,Thursday
Jehu Rudeforth,UK,After Nines,2022-06-27,19460,164,June,2022,Monday
Barr Faughny,Canada,White Choc,2022-03-29,42910,1,March,2022,Tuesday
Gunar Cockshoot,India,Organic Choco Syrup,2022-06-03,71960,160,June,2022,Friday
Mallorie Waber,Canada,Smooth Sliky Salty,2022-03-21,19390,98,March,2022,Monday
Mallorie Waber,India,Eclairs,2022-04-12,104370,46,April,2022,Tuesday
Rafaelita Blaksland,Australia,Raspberry Choco,2022-01-19,69160,259,January,2022,Wednesday
Karlen McCaffrey,UK,50% Dark Bites,2022-04-06,36470,310,April,2022,Wednesday
Kaine Padly,Australia,50% Dark Bites,2022-08-02,89950,78,August,2022,Tuesday
Gigi Bohling,Australia,Eclairs,2022-04-12,72520,136,April,2022,Tuesday
Oby Sorrel,India,Drinking Coco,2022-07-21,163800,130,July,2022,Thursday
Van Tuxwell,New Zealand,Baker's Choco Chips,2022-03-22,96600,24,March,2022,Tuesday
Husein Augar,India,Peanut Butter Cubes,2022-05-09,45220,5,May,2022,Monday
Andria Kimpton,Australia,Baker's Choco Chips,2022-08-09,3290,109,August,2022,Tuesday
Madelene Upcott,Canada,Choco Coated Almonds,2022-07-20,34580,294,July,2022,Wednesday
Brien Boise,India,70% Dark Bites,2022-04-14,46410,413,April,2022,Thursday
Jehu Rudeforth,Canada,White Choc,2022-01-25,46270,136,January,2022,Tuesday
Andria Kimpton,Australia,Almond Choco,2022-04-25,31920,175,April,2022,Monday
Dotty Strutley,Canada,After Nines,2022-01-17,2520,237,January,2022,Monday
Karlen McCaffrey,USA,Eclairs,2022-08-15,8680,125,August,2022,Monday
Karlen McCaffrey,Canada,Fruit & Nut Bars,2022-06-02,2100,16,June,2022,Thursday
Gunar Cockshoot,USA,85% Dark Bars,2022-06-30,70070,135,June,2022,Thursday
Dotty Strutley,New Zealand,Raspberry Choco,2022-02-10,58450,91,February,2022,Thursday
Marney O'Breen,Canada,Caramel Stuffed Bars,2022-02-23,13720,614,February,2022,Wednesday
Dennison Crosswaite,India,Organic Choco Syrup,2022-01-27,84280,216,January,2022,Thursday
Camilla Castle,UK,Mint Chip Choco,2022-05-26,49770,317,May,2022,Thursday
Brien Boise,USA,70% Dark Bites,2022-04-14,16940,21,April,2022,Thursday
Madelene Upcott,Australia,99% Dark & Pure,2022-08-01,43260,154,August,2022,Monday
Mallorie Waber,Australia,Eclairs,2022-08-22,95270,222,August,2022,Monday
Marney O'Breen,India,99% Dark & Pure,2022-07-22,107660,157,July,2022,Friday
Husein Augar,USA,Fruit & Nut Bars,2022-04-28,12880,27,April,2022,Thursday
Kelci Walkden,Australia,Almond Choco,2022-05-30,48790,350,May,2022,Monday
Ches Bonnell,USA,Milk Bars,2022-07-21,24080,157,July,2022,Thursday
Jan Morforth,UK,Caramel Stuffed Bars,2022-08-02,30940,468,August,2022,Tuesday
Brien Boise,New Zealand,70% Dark Bites,2022-06-15,72310,130,June,2022,Wednesday
Oby Sorrel,India,85% Dark Bars,2022-07-05,89810,130,July,2022,Tuesday
Kaine Padly,New Zealand,Smooth Sliky Salty,2022-04-12,70,518,April,2022,Tuesday
Gigi Bohling,Australia,70% Dark Bites,2022-08-18,13720,105,August,2022,Thursday
Jan Morforth,UK,50% Dark Bites,2022-01-12,52500,293,January,2022,Wednesday
Gunar Cockshoot,Canada,White Choc,2022-08-11,75600,15,August,2022,Thursday
Jehu Rudeforth,Australia,Spicy Special Slims,2022-01-13,50120,384,January,2022,Thursday
Husein Augar,UK,Baker's Choco Chips,2022-04-29,30380,135,April,2022,Friday
Rafaelita Blaksland,New Zealand,After Nines,2022-07-07,10990,92,July,2022,Thursday
Madelene Upcott,New Zealand,Mint Chip Choco,2022-03-11,74130,4,March,2022,Friday
Madelene Upcott,UK,70% Dark Bites,2022-02-16,53970,239,February,2022,Wednesday
Barr Faughny,Australia,Organic Choco Syrup,2022-01-07,23030,33,January,2022,Friday
Beverie Moffet,New Zealand,Drinking Coco,2022-01-12,11410,518,January,2022,Wednesday
Beverie Moffet,India,Eclairs,2022-06-09,103250,147,June,2022,Thursday
Andria Kimpton,India,Eclairs,2022-05-16,21490,84,May,2022,Monday
Gigi Bohling,UK,85% Dark Bars,2022-06-23,123620,94,June,2022,Thursday
Roddy Speechley,UK,Raspberry Choco,2022-01-28,126350,194,January,2022,Friday
Dotty Strutley,UK,Mint Chip Choco,2022-07-14,24430,216,July,2022,Thursday
Barr Faughny,Canada,Drinking Coco,2022-04-18,62370,247,April,2022,Monday
Oby Sorrel,USA,Milk Bars,2022-06-14,17360,79,June,2022,Tuesday
Oby Sorrel,UK,Orange Choco,2022-04-15,73150,237,April,2022,Friday
Curtice Advani,Canada,Peanut Butter Cubes,2022-05-19,49350,63,May,2022,Thursday
Gigi Bohling,India,White Choc,2022-04-13,13930,172,April,2022,Wednesday
Husein Augar,Canada,Choco Coated Almonds,2022-08-15,33810,408,August,2022,Monday
Wilone O'Kielt,India,Choco Coated Almonds,2022-08-22,29330,233,August,2022,Monday
Wilone O'Kielt,New Zealand,Baker's Choco Chips,2022-04-22,38360,59,April,2022,Friday
Kaine Padly,UK,Choco Coated Almonds,2022-08-03,80220,123,August,2022,Wednesday
Dennison Crosswaite,New Zealand,Organic Choco Syrup,2022-01-04,3710,229,January,2022,Tuesday
Kelci Walkden,Canada,After Nines,2022-01-13,167020,198,January,2022,Thursday
Van Tuxwell,Australia,Baker's Choco Chips,2022-05-11,132580,32,May,2022,Wednesday
Husein Augar,New Zealand,Peanut Butter Cubes,2022-02-16,20580,236,February,2022,Wednesday
Kaine Padly,UK,Caramel Stuffed Bars,2022-05-20,101920,67,May,2022,Friday
Jehu Rudeforth,UK,Drinking Coco,2022-02-03,71400,438,February,2022,Thursday
Beverie Moffet,India,Manuka Honey Choco,2022-05-06,98350,167,May,2022,Friday
Gunar Cockshoot,UK,Choco Coated Almonds,2022-06-30,57750,135,June,2022,Thursday
Gunar Cockshoot,UK,Smooth Sliky Salty,2022-03-22,7490,148,March,2022,Tuesday
Camilla Castle,Canada,Orange Choco,2022-02-17,77700,54,February,2022,Thursday
Jehu Rudeforth,UK,85% Dark Bars,2022-07-07,55020,64,July,2022,Thursday
Oby Sorrel,UK,70% Dark Bites,2022-03-16,62230,181,March,2022,Wednesday
Kelci Walkden,UK,99% Dark & Pure,2022-08-12,35070,114,August,2022,Friday
Gigi Bohling,New Zealand,After Nines,2022-01-21,56000,181,January,2022,Friday
Oby Sorrel,Australia,50% Dark Bites,2022-05-06,7210,151,May,2022,Friday
Oby Sorrel,Canada,50% Dark Bites,2022-06-24,66150,137,June,2022,Friday
Barr Faughny,USA,White Choc,2022-05-05,74200,163,May,2022,Thursday
Rafaelita Blaksland,New Zealand,99% Dark & Pure,2022-03-25,31640,84,March,2022,Friday
Curtice Advani,Australia,Caramel Stuffed Bars,2022-02-14,91140,140,February,2022,Monday
Curtice Advani,New Zealand,85% Dark Bars,2022-05-12,54040,187,May,2022,Thursday
Barr Faughny,New Zealand,Smooth Sliky Salty,2022-01-25,39900,169,January,2022,Tuesday
Ches Bonnell,UK,85% Dark Bars,2022-06-28,149240,12,June,2022,Tuesday
Dennison Crosswaite,Australia,Drinking Coco,2022-07-13,70910,194,July,2022,Wednesday
Roddy Speechley,USA,Milk Bars,2022-05-16,28070,252,May,2022,Monday
Jan Morforth,India,After Nines,2022-03-14,64960,168,March,2022,Monday
Gunar Cockshoot,USA,After Nines,2022-08-15,37380,261,August,2022,Monday
Ches Bonnell,India,Orange Choco,2022-02-16,11900,256,February,2022,Wednesday
Mallorie Waber,UK,Manuka Honey Choco,2022-06-15,83790,43,June,2022,Wednesday
Barr Faughny,Australia,Raspberry Choco,2022-05-27,92680,100,May,2022,Friday
Wilone O'Kielt,USA,Drinking Coco,2022-06-14,10290,98,June,2022,Tuesday
Wilone O'Kielt,India,Eclairs,2022-02-25,35490,76,February,2022,Friday
Wilone O'Kielt,India,After Nines,2022-08-04,120260,262,August,2022,Thursday
Kelci Walkden,India,99% Dark & Pure,2022-06-28,23030,244,June,2022,Tuesday
Gunar Cockshoot,Canada,Spicy Special Slims,2022-04-05,134050,12,April,2022,Tuesday
Madelene Upcott,Canada,Peanut Butter Cubes,2022-07-05,147630,113,July,2022,Tuesday
Kaine Padly,New Zealand,Eclairs,2022-01-20,128940,48,January,2022,Thursday
Ches Bonnell,New Zealand,Drinking Coco,2022-02-16,83020,131,February,2022,Wednesday
Curtice Advani,UK,Drinking Coco,2022-07-12,4550,174,July,2022,Tuesday
Kelci Walkden,India,Raspberry Choco,2022-06-16,81830,254,June,2022,Thursday
Dotty Strutley,Australia,Choco Coated Almonds,2022-04-13,16450,284,April,2022,Wednesday
Kaine Padly,UK,50% Dark Bites,2022-02-21,31430,67,February,2022,Monday
Roddy Speechley,Canada,Choco Coated Almonds,2022-05-11,58730,249,May,2022,Wednesday
Ches Bonnell,India,50% Dark Bites,2022-04-15,112980,313,April,2022,Friday
Oby Sorrel,Canada,Peanut Butter Cubes,2022-06-07,124250,167,June,2022,Tuesday
Oby Sorrel,UK,White Choc,2022-06-27,17150,286,June,2022,Monday
Barr Faughny,India,After Nines,2022-07-29,81900,109,July,2022,Friday
Wilone O'Kielt,Canada,Smooth Sliky Salty,2022-06-02,49910,166,June,2022,Thursday
Rafaelita Blaksland,India,Mint Chip Choco,2022-01-26,154910,85,January,2022,Wednesday
Rafaelita Blaksland,Canada,99% Dark & Pure,2022-03-02,50960,142,March,2022,Wednesday
Van Tuxwell,Australia,70% Dark Bites,2022-01-10,70630,104,January,2022,Monday
Beverie Moffet,USA,70% Dark Bites,2022-06-27,22750,115,June,2022,Monday
Barr Faughny,Canada,Orange Choco,2022-06-30,76020,18,June,2022,Thursday
Roddy Speechley,Australia,85% Dark Bars,2022-07-08,42000,80,July,2022,Friday
Oby Sorrel,India,Spicy Special Slims,2022-06-08,111370,88,June,2022,Wednesday
Jan Morforth,UK,Manuka Honey Choco,2022-08-18,33880,212,August,2022,Thursday
Kaine Padly,Australia,After Nines,2022-04-08,68320,306,April,2022,Friday
Wilone O'Kielt,Canada,Fruit & Nut Bars,2022-08-08,34370,181,August,2022,Monday
Wilone O'Kielt,UK,Milk Bars,2022-08-26,3010,65,August,2022,Friday
Oby Sorrel,Canada,Fruit & Nut Bars,2022-01-14,18690,158,January,2022,Friday
Dennison Crosswaite,USA,Baker's Choco Chips,2022-08-11,174650,271,August,2022,Thursday
Madelene Upcott,USA,Almond Choco,2022-05-31,101430,24,May,2022,Tuesday
Van Tuxwell,New Zealand,50% Dark Bites,2022-07-11,36260,10,July,2022,Monday
Karlen McCaffrey,Canada,Caramel Stuffed Bars,2022-03-02,33460,304,March,2022,Wednesday
Madelene Upcott,Australia,Raspberry Choco,2022-07-13,63210,88,July,2022,Wednesday
Rafaelita Blaksland,UK,Spicy Special Slims,2022-08-03,93450,133,August,2022,Wednesday
Curtice Advani,UK,Peanut Butter Cubes,2022-03-01,150080,165,March,2022,Tuesday
Kelci Walkden,New Zealand,White Choc,2022-04-13,76090,150,April,2022,Wednesday
Beverie Moffet,Canada,Fruit & Nut Bars,2022-02-14,103320,180,February,2022,Monday
Mallorie Waber,India,White Choc,2022-07-26,8190,213,July,2022,Tuesday
Brien Boise,UK,Drinking Coco,2022-01-27,57540,133,January,2022,Thursday
Jehu Rudeforth,India,Peanut Butter Cubes,2022-04-14,280,446,April,2022,Thursday
Oby Sorrel,USA,Almond Choco,2022-05-19,64400,141,May,2022,Thursday
Husein Augar,India,Eclairs,2022-02-09,49560,58,February,2022,Wednesday
Brien Boise,UK,Spicy Special Slims,2022-05-25,23520,58,May,2022,Wednesday
Oby Sorrel,Australia,Manuka Honey Choco,2022-01-26,39060,76,January,2022,Wednesday
Beverie Moffet,India,White Choc,2022-07-04,18130,296,July,2022,Monday
Ches Bonnell,India,Almond Choco,2022-04-13,117880,73,April,2022,Wednesday
Gigi Bohling,Australia,Smooth Sliky Salty,2022-01-25,57680,119,January,2022,Tuesday
Camilla Castle,USA,85% Dark Bars,2022-04-25,24010,78,April,2022,Monday
Camilla Castle,USA,Eclairs,2022-06-10,45150,392,June,2022,Friday
Madelene Upcott,New Zealand,White Choc,2022-08-22,107940,51,August,2022,Monday
Van Tuxwell,India,After Nines,2022-06-27,137060,207,June,2022,Monday
Husein Augar,India,Orange Choco,2022-06-30,43610,40,June,2022,Thursday
Jehu Rudeforth,India,Almond Choco,2022-08-30,101220,100,August,2022,Tuesday
Karlen McCaffrey,Australia,Raspberry Choco,2022-08-23,9940,57,August,2022,Tuesday
Camilla Castle,New Zealand,99% Dark & Pure,2022-08-26,22680,42,August,2022,Friday
Gigi Bohling,Australia,Orange Choco,2022-03-09,5740,156,March,2022,Wednesday
Kelci Walkden,UK,Drinking Coco,2022-04-20,17920,23,April,2022,Wednesday
Mallorie Waber,Canada,Caramel Stuffed Bars,2022-06-10,48440,539,June,2022,Friday
Husein Augar,Australia,Organic Choco Syrup,2022-02-08,9380,158,February,2022,Tuesday
Brien Boise,Australia,White Choc,2022-08-25,48790,22,August,2022,Thursday
Dotty Strutley,India,Peanut Butter Cubes,2022-02-16,91070,73,February,2022,Wednesday
Dennison Crosswaite,UK,99% Dark & Pure,2022-05-30,121870,27,May,2022,Monday
Gigi Bohling,New Zealand,50% Dark Bites,2022-06-29,56700,64,June,2022,Wednesday
Gigi Bohling,USA,Milk Bars,2022-06-16,4760,133,June,2022,Thursday
Brien Boise,UK,Caramel Stuffed Bars,2022-03-04,26810,149,March,2022,Friday
Curtice Advani,New Zealand,Peanut Butter Cubes,2022-03-15,15330,434,March,2022,Tuesday
Curtice Advani,New Zealand,50% Dark Bites,2022-01-27,97650,85,January,2022,Thursday
Beverie Moffet,Canada,Drinking Coco,2022-07-05,9940,118,July,2022,Tuesday
Barr Faughny,USA,Caramel Stuffed Bars,2022-03-29,33180,299,March,2022,Tuesday
Mallorie Waber,Canada,Almond Choco,2022-05-12,42140,35,May,2022,Thursday
Oby Sorrel,USA,Drinking Coco,2022-03-11,77140,44,March,2022,Friday
Brien Boise,New Zealand,Eclairs,2022-07-11,46900,299,July,2022,Monday
Gunar Cockshoot,New Zealand,Choco Coated Almonds,2022-08-01,130620,62,August,2022,Monday
Gunar Cockshoot,UK,Spicy Special Slims,2022-02-16,124880,200,February,2022,Wednesday
Curtice Advani,USA,After Nines,2022-04-13,141470,235,April,2022,Wednesday
Oby Sorrel,India,Choco Coated Almonds,2022-02-14,490,363,February,2022,Monday
Ches Bonnell,Australia,Peanut Butter Cubes,2022-03-14,101990,68,March,2022,Monday
Oby Sorrel,Australia,Spicy Special Slims,2022-04-26,113890,26,April,2022,Tuesday
Jehu Rudeforth,Canada,Manuka Honey Choco,2022-04-05,35840,200,April,2022,Tuesday
Camilla Castle,Canada,Drinking Coco,2022-03-03,124810,264,March,2022,Thursday
Kaine Padly,USA,Spicy Special Slims,2022-06-13,21070,175,June,2022,Monday
Marney O'Breen,New Zealand,70% Dark Bites,2022-02-14,86030,352,February,2022,Monday
Roddy Speechley,New Zealand,99% Dark & Pure,2022-04-18,74830,183,April,2022,Monday
Oby Sorrel,New Zealand,85% Dark Bars,2022-02-01,33810,417,February,2022,Tuesday
Dotty Strutley,New Zealand,Orange Choco,2022-08-04,20300,146,August,2022,Thursday
Andria Kimpton,New Zealand,Almond Choco,2022-04-05,65590,158,April,2022,Tuesday
Karlen McCaffrey,Australia,99% Dark & Pure,2022-01-26,108220,168,January,2022,Wednesday
Kaine Padly,UK,After Nines,2022-01-21,186970,176,January,2022,Friday
Kaine Padly,Canada,After Nines,2022-08-22,58450,172,August,2022,Monday
Kaine Padly,UK,Drinking Coco,2022-01-27,23170,224,January,2022,Thursday
Rafaelita Blaksland,UK,50% Dark Bites,2022-02-16,101500,68,February,2022,Wednesday
Dotty Strutley,USA,Raspberry Choco,2022-01-03,34370,46,January,2022,Monday
Karlen McCaffrey,USA,White Choc,2022-08-24,45920,2,August,2022,Wednesday
Oby Sorrel,USA,Spicy Special Slims,2022-02-07,56910,417,February,2022,Monday
Mallorie Waber,Australia,Smooth Sliky Salty,2022-02-11,41580,109,February,2022,Friday
Kaine Padly,Canada,Organic Choco Syrup,2022-03-29,56840,81,March,2022,Tuesday
Marney O'Breen,USA,Peanut Butter Cubes,2022-06-15,6930,350,June,2022,Wednesday
Dennison Crosswaite,UK,Smooth Sliky Salty,2022-04-26,5460,142,April,2022,Tuesday
Brien Boise,Australia,Organic Choco Syrup,2022-07-15,42630,264,July,2022,Friday
Beverie Moffet,India,Organic Choco Syrup,2022-06-23,10360,20,June,2022,Thursday
Dennison Crosswaite,Australia,Baker's Choco Chips,2022-01-11,138460,421,January,2022,Tuesday
Beverie Moffet,UK,50% Dark Bites,2022-02-09,24990,271,February,2022,Wednesday
Van Tuxwell,UK,Almond Choco,2022-06-06,106890,204,June,2022,Monday
Dotty Strutley,UK,Caramel Stuffed Bars,2022-08-10,57680,235,August,2022,Wednesday
Wilone O'Kielt,Australia,Smooth Sliky Salty,2022-01-04,22260,46,January,2022,Tuesday
Andria Kimpton,Canada,70% Dark Bites,2022-04-08,102620,15,April,2022,Friday
Barr Faughny,UK,Milk Bars,2022-03-02,38640,430,March,2022,Wednesday
Van Tuxwell,Canada,Drinking Coco,2022-06-15,49000,709,June,2022,Wednesday
Jehu Rudeforth,Australia,After Nines,2022-02-14,52500,47,February,2022,Monday
Husein Augar,UK,After Nines,2022-07-05,35070,380,July,2022,Tuesday
Barr Faughny,India,Mint Chip Choco,2022-01-12,74130,465,January,2022,Wednesday
Curtice Advani,India,Mint Chip Choco,2022-03-03,81550,96,March,2022,Thursday
Jehu Rudeforth,New Zealand,Milk Bars,2022-05-18,24780,188,May,2022,Wednesday
Gunar Cockshoot,India,Caramel Stuffed Bars,2022-07-28,24710,202,July,2022,Thursday
Curtice Advani,UK,Manuka Honey Choco,2022-02-07,16660,106,February,2022,Monday
Andria Kimpton,India,Orange Choco,2022-05-30,3010,421,May,2022,Monday
Mallorie Waber,Australia,Raspberry Choco,2022-04-25,84000,27,April,2022,Monday
Beverie Moffet,Canada,85% Dark Bars,2022-02-16,61390,45,February,2022,Wednesday
Kelci Walkden,Australia,Drinking Coco,2022-05-04,12880,60,May,2022,Wednesday
Van Tuxwell,Canada,70% Dark Bites,2022-06-02,70770,77,June,2022,Thursday
Dennison Crosswaite,USA,Caramel Stuffed Bars,2022-07-11,23170,464,July,2022,Monday
Beverie Moffet,New Zealand,Spicy Special Slims,2022-06-07,630,60,June,2022,Tuesday
Jan Morforth,UK,Almond Choco,2022-07-06,97440,157,July,2022,Wednesday
Husein Augar,India,Raspberry Choco,2022-06-15,99540,154,June,2022,Wednesday
Dotty Strutley,India,Mint Chip Choco,2022-04-14,12600,239,April,2022,Thursday
Camilla Castle,India,Drinking Coco,2022-08-08,4690,163,August,2022,Monday
Marney O'Breen,UK,Drinking Coco,2022-03-29,9730,28,March,2022,Tuesday
Roddy Speechley,Australia,Organic Choco Syrup,2022-07-04,36470,76,July,2022,Monday
Ches Bonnell,India,99% Dark & Pure,2022-02-16,4550,96,February,2022,Wednesday
Rafaelita Blaksland,Canada,Spicy Special Slims,2022-05-02,25200,156,May,2022,Monday
Van Tuxwell,India,Eclairs,2022-07-21,105000,106,July,2022,Thursday
Gunar Cockshoot,Australia,99% Dark & Pure,2022-08-18,79520,235,August,2022,Thursday
Kaine Padly,USA,85% Dark Bars,2022-06-22,4830,259,June,2022,Wednesday
Camilla Castle,UK,Peanut Butter Cubes,2022-07-19,48720,126,July,2022,Tuesday
Madelene Upcott,UK,Peanut Butter Cubes,2022-08-12,77560,85,August,2022,Friday
Madelene Upcott,USA,Choco Coated Almonds,2022-06-07,54460,132,June,2022,Tuesday
Marney O'Breen,Canada,Peanut Butter Cubes,2022-03-08,65940,91,March,2022,Tuesday
Ches Bonnell,Australia,Choco Coated Almonds,2022-04-08,14700,167,April,2022,Friday
Curtice Advani,Canada,Eclairs,2022-05-06,7210,203,May,2022,Friday
Roddy Speechley,India,Drinking Coco,2022-05-31,44940,11,May,2022,Tuesday
Van Tuxwell,Australia,Mint Chip Choco,2022-01-13,26740,295,January,2022,Thursday
Dennison Crosswaite,USA,70% Dark Bites,2022-03-15,6580,77,March,2022,Tuesday
Andria Kimpton,Canada,Peanut Butter Cubes,2022-02-16,11270,319,February,2022,Wednesday
Gigi Bohling,USA,70% Dark Bites,2022-01-14,73640,196,January,2022,Friday
Rafaelita Blaksland,Australia,White Choc,2022-03-21,68180,102,March,2022,Monday
Roddy Speechley,Canada,Drinking Coco,2022-05-17,67760,312,May,2022,Tuesday
Camilla Castle,New Zealand,85% Dark Bars,2022-08-08,150990,55,August,2022,Monday
Madelene Upcott,Canada,Milk Bars,2022-04-26,36120,82,April,2022,Tuesday
Madelene Upcott,Australia,70% Dark Bites,2022-04-15,37100,260,April,2022,Friday
Oby Sorrel,Canada,Eclairs,2022-05-19,61110,591,May,2022,Thursday
Dennison Crosswaite,Canada,Drinking Coco,2022-01-10,27020,24,January,2022,Monday
Mallorie Waber,New Zealand,After Nines,2022-05-04,4830,228,May,2022,Wednesday
Roddy Speechley,Canada,White Choc,2022-04-05,58870,268,April,2022,Tuesday
Andria Kimpton,India,After Nines,2022-01-17,9520,68,January,2022,Monday
Roddy Speechley,India,Spicy Special Slims,2022-03-22,106470,173,March,2022,Tuesday
Dotty Strutley,Australia,White Choc,2022-07-05,60550,93,July,2022,Tuesday
Oby Sorrel,Canada,Orange Choco,2022-04-27,87570,338,April,2022,Wednesday
Kaine Padly,Canada,Almond Choco,2022-08-12,60550,73,August,2022,Friday
Jan Morforth,UK,Baker's Choco Chips,2022-03-11,7210,251,March,2022,Friday
Jehu Rudeforth,UK,Fruit & Nut Bars,2022-05-13,85890,229,May,2022,Friday
Dennison Crosswaite,USA,Smooth Sliky Salty,2022-05-12,117810,91,May,2022,Thursday
Brien Boise,USA,Raspberry Choco,2022-01-12,6720,194,January,2022,Wednesday
Madelene Upcott,New Zealand,Milk Bars,2022-03-29,125580,403,March,2022,Tuesday
Roddy Speechley,India,50% Dark Bites,2022-03-14,83370,12,March,2022,Monday
Barr Faughny,New Zealand,99% Dark & Pure,2022-05-24,81340,195,May,2022,Tuesday
Dennison Crosswaite,Canada,Organic Choco Syrup,2022-01-28,84910,75,January,2022,Friday
Beverie Moffet,India,Almond Choco,2022-05-24,30660,96,May,2022,Tuesday
Brien Boise,Australia,Peanut Butter Cubes,2022-08-19,3010,205,August,2022,Friday
Karlen McCaffrey,Australia,Spicy Special Slims,2022-05-17,44100,323,May,2022,Tuesday
Jehu Rudeforth,USA,White Choc,2022-06-07,65590,119,June,2022,Tuesday
Ches Bonnell,Canada,Organic Choco Syrup,2022-07-26,5740,217,July,2022,Tuesday
Dotty Strutley,India,Eclairs,2022-07-28,20860,384,July,2022,Thursday
Karlen McCaffrey,India,70% Dark Bites,2022-05-23,50750,344,May,2022,Monday
